/*
Navicat MySQL Data Transfer

Source Server         : to_localhost
Source Server Version : 50623
Source Host           : localhost:3306
Source Database       : frameworkgit

Target Server Type    : MYSQL
Target Server Version : 50623
File Encoding         : 65001

Date: 2016-10-19 10:27:36
*/

SET FOREIGN_KEY_CHECKS=0;

-- ----------------------------
-- Table structure for `act_evt_log`
-- ----------------------------
DROP TABLE IF EXISTS `act_evt_log`;
CREATE TABLE `act_evt_log` (
  `LOG_NR_` bigint(20) NOT NULL AUTO_INCREMENT,
  `TYPE_` varchar(64) COLLATE utf8_bin DEFAULT NULL,
  `PROC_DEF_ID_` varchar(64) COLLATE utf8_bin DEFAULT NULL,
  `PROC_INST_ID_` varchar(64) COLLATE utf8_bin DEFAULT NULL,
  `EXECUTION_ID_` varchar(64) COLLATE utf8_bin DEFAULT NULL,
  `TASK_ID_` varchar(64) COLLATE utf8_bin DEFAULT NULL,
  `TIME_STAMP_` timestamp(3) NOT NULL DEFAULT CURRENT_TIMESTAMP(3) ON UPDATE CURRENT_TIMESTAMP(3),
  `USER_ID_` varchar(255) COLLATE utf8_bin DEFAULT NULL,
  `DATA_` longblob,
  `LOCK_OWNER_` varchar(255) COLLATE utf8_bin DEFAULT NULL,
  `LOCK_TIME_` timestamp(3) NULL DEFAULT NULL,
  `IS_PROCESSED_` tinyint(4) DEFAULT '0',
  PRIMARY KEY (`LOG_NR_`)
) ENGINE=InnoDB DEFAULT CHARSET=utf8 COLLATE=utf8_bin;

-- ----------------------------
-- Records of act_evt_log
-- ----------------------------

-- ----------------------------
-- Table structure for `act_ge_bytearray`
-- ----------------------------
DROP TABLE IF EXISTS `act_ge_bytearray`;
CREATE TABLE `act_ge_bytearray` (
  `ID_` varchar(64) COLLATE utf8_bin NOT NULL DEFAULT '',
  `REV_` int(11) DEFAULT NULL,
  `NAME_` varchar(255) COLLATE utf8_bin DEFAULT NULL,
  `DEPLOYMENT_ID_` varchar(64) COLLATE utf8_bin DEFAULT NULL,
  `BYTES_` longblob,
  `GENERATED_` tinyint(4) DEFAULT NULL,
  PRIMARY KEY (`ID_`),
  KEY `ACT_FK_BYTEARR_DEPL` (`DEPLOYMENT_ID_`),
  CONSTRAINT `ACT_FK_BYTEARR_DEPL` FOREIGN KEY (`DEPLOYMENT_ID_`) REFERENCES `act_re_deployment` (`ID_`)
) ENGINE=InnoDB DEFAULT CHARSET=utf8 COLLATE=utf8_bin;

-- ----------------------------
-- Records of act_ge_bytearray
-- ----------------------------
INSERT INTO `act_ge_bytearray` VALUES ('1b7df6cb-306c-11e6-8b94-50af736bcfa7', '16', 'source-extra', null, 0x89504E470D0A1A0A0000000D49484452000002B5000000F30806000000983EEE19000000206348524D00007A26000080840000FA00000080E8000075300000EA6000003A98000017709CBA513C0000000467414D410000B18E7CFB5193000000017352474200AECE1CE900000006624B474400FF00FF00FFA0BDA793000000097048597300000EC400000EC401952B0E1B000020004944415478DAEDDD09785355FAC7F1932EB4EC08228888D8010129AB282E08A8888A8E220AB4161475141D5C6018745CC1D17141364571839145681554541446F93B45710106045A1411A116680BB294B2156893FFFB26F7D634B4506892A6E1FB799EF3646912C2C94DF2BB27EF3DC7180000000000000000000000000000000000000000000000000000000000000000000000000000000000000000000000000000000000000000000000000000000000000000000000000000000000000000000000000000000000000000000000000000000000000000000000000000000000000000000000000000000000000000000000000000000000000000000000000000000000000000000000000000000000000000000000000000000000000000000000000000000000000000000000000000000000000000000487832E00428FCBE58ADDB871E37D7BF7EE1DB07FFFFE16FBF6ED8B753A9D744C793FF01C0E574C4CCC8E2A55AA2C3D7CF8F0982E5DBAFC975E0100422D800090307BCFF6EDDBC7E6E7E7576BD8B0A1A95DBBB6A959B3A6898888A073CA49770C6447C1E4E5E5999C9C9C438585853F1D387060C055575D954EEF0000A116809F646666CEDDB061C30D4D9A34318D1A35D291453A2580B2B2B24C4646C60197CB9578F9E5977F448F0040E515491700A11368A5DDD0AA552B53BF7E7D026D10E80878DDBA75A3B76DDB76ED800103D2A64F9FBE8E5E0100422D8013A42507191919C335D0D6AA55EB88BF1FDCBBD5E4FCF8A1C9F9E923B37DE37FCDFE5D1B4D4CF5D34C544C2D3AAF9CAA54A9A2C136262727A7575252D2A7EFBCF3CE367A05002A1F8AF4800AA60785690DAD961C94166837ADF8B7D9BBFD67E32C3C645CCE02B37FE7AF2673F914939FB7850EF483EAD5AB9BA64D9B3A2323235FA6370080500BE004E82C077A5098D6D09664E76F5F9B8243FB8EB85E03EEF68DA974A09F346EDCB86E545454F32FBEF8E2427A030008B5008E934EDBA5B31C9456437BE028A3B13A8A0BFF39EDB4D372E4E4267A020008B5008E93CE43ABD37695C65578B8F43BBB98BBD69F4E3DF5D433E4A43B3D0100954F145D00542C5D58418FC247C593D7E17439A94F4F0040E5C3482D50C1744100165608910F44CFEBC0CE3E00106A01F85B74D5534AFD5B540C23BC0000106A814AA06E938B4D5495EA475C1F195DD5D43DAB0B1D040000A116087D35EAB732D54F6D51E2F5354F6B4D07010040A8052A87C2C3078EB8AEE0E01E3A060000422D10FA0EEDFBDDBD72D8DEDF7F3AE26FFB76FC6232FFF796FB360000106A0184A4DD592B24D04E36FB776D2CF536FB737F33194B5F33BB32BF352EE6AC05009CC498BA0608313AF2BA75DD67EE91D8B2D0E572F5F67B7EFFC99C764E2F13EB9E6A150080930B23B54088D191D7B2065A6F3AA2FBDBB237E8400000A11640C5D391D713E57216D08140253668D0A03AF4027062283F00424CCB1ECFD009C049E889279E18F0CB2FBFCC78EAA9A7068D1C39721A3D021C1F466A0100A8604F3EF964E2E6CD9BA75D73CD35262323E3DF8F3EFAE8207A0520D4020050698C1831E2A6CCCCCC19F7DD775FC4ADB7DE6A1E7CF0C188AD5BB74E1E366CD82D417A0ACDA4D538CADF63A5753ACADF7B486B689DE717605418363E00002A888ED06EDAB4E99DFBEFBF3FA263C78EEEEBDAB56BA7C13672DCB871D325D89AF1E3C7CF0AF0D3D0F5B675D9C2FF94F2770DACDDA4FDCF27C86A117F1DABC54BDB2CED1269337D6E0B040523B500005480A79E7AEA360DB43A426B075A5B9B366DCCD0A1432377EDDA357DC890213706E1E9FC2C2DD5A7AD9476AAB4EFA56DF5B9FD42EB361A6253A44D957685B447AC405B835718C1C6486D0871B95CB1696969B7FDF0C30FB7646767B7CFCACAAA96979717959F9F6FA2A2A25C356BD63C5CB76EDD2DB56AD5FA566EFEF4C30F3FFC33BD06009533D06AEDAC961AE8C86C49F4FABFFDED6F9163C78E7DF7D65B6FED3B7DFAF48F02FCB4BA9770DD769FAC106BDD2EDFBAFCABB40BA5B594F6BEB4AB8D67D4B69EB411C6339A8B00484A4A6A5C5050D0DBE170E8287A7BE31951AF61BD3639922956CADFBE898C8C4C993973E666422D8216663FF8E083379F79E699C41D3B7644B56AD5CA74EFDEDD9C79E6994642AC898D8D35126C1D7BF6ECA9227BF567A7A7A79FBD62C58A5B860D1B96B96FDFBE67DE7CF3CDC9F42200549A409B74AC406BD311DBE1C387478F1933E6BDDB6EBBADCFB469D33E0DC0532AB0F240BA154AED00A4B5B6A93EC15403D30269D7590177AD75BD7DAA01EB050D55BCD281919898D85B4E86389DCEAE125AAB9470137D5D9ACADF9ACA69EFC2C2C21713121252E5F294E4E4E477C2B96F22D93C2AD6F7DF7F7F877C487DFDEBAFBF76BCF1C61BDD07099C7FFEF9A671E3C6A666CD9A3A42EBD9FB90D3EAD5AB9BD34F3FDDBDF77EF5D5573B1A366C5847EE776DEBD6AD13E3E2E2FEF3E38F3FEEA4472B1F79CD479D75D659744488F8EDB7DFCC8C19339EA227100843870EED9D9393937CFFFDF74776E8D0A14CF769D0A08169D6AC59E437DF7CD3573EEF97A5A7A7AFF7F3D36A643C237C2B8CA77C60B6B45C697F96F683156ADB5B01D776B1B4D34A08AF1AB858052600249836959D9C1497CBF5985C8C3BCE0CA701B74F7C7C7C8F56AD5A7D1DAE7981505B4164A38CEAD8B1E3C23973E63C78E9A59746DD73CF3DE68C33CE301111652F7396506B7AF4E811111D1D7DEAFAF5EBEF9230BC75F9F2E52BE85D422D08B5083D3A426B075ADF1ADAB206DBEFBFFFFE660925ABD6AC59B3CE8F4FADB1F11CECA5B5B0BDA44DB342ED45E68F03BE7C436D7BEB36E9D6A9066D7D4E7A00D947BCDAFED5BF7FFF84C8C8C88F253BC41705B8C848D3B66D5B73C30D37E8DF4DDFBE7DCD2DB7DC627AF5EA65BA75EB665AB468611C0E87D9B66D9B713A9DF6DD9A48CEB843C2F126D9395A4DA8855F02EDA2458BBEFDF4D34F2F91BD7673D145171D5798F5251F74A67DFBF6D1B2177FA59CE6AE58B16219BD4CA805A116A1431756C8CCCC9C7E2281D63BD8C6C5C5452D5DBAB48F9F836D532BD4EA8161F748DB625DA7A5048B4A09B55ABFD959DA29C633BAEB90D6D6787EFAFE3F5E71BF06DAEB2423BC27D9A19A1D66AFBDF65A3364C81073D5555799B3CF3EDBD4AE5DDBC4C4C4B86F1F1D1DEDFEA5574B182FBCF04273D96597B9C3EDAFBFFEAAF9436FA2250B7D24D86E91601B56036184DA0AA023B41A68E543CEBDD1F9439D3A754CE7CE9DA3FFFBDFFF763DE79C73C2720F8C500B422D2A6BA0D58515B486B6AC2507A5D15FE89A356B16B564C9127F065BEF50BBC3786636C890B646DA3669D54A08B53A2B828E1AEA3460DF993F6A69974B7B5ADA26E339C80CE50BB40956A075E7B5468D1A99C71F7FDC74E9D2C55D9258167A5C8E8EE86A69E3DAB56B4D5E5E9EFDA7EB25D8FE1A4E798129BD824C6B68E7CF9F7F99ECAD9BFAF5EBFBF5B1F5F11E7DF4D11AB29736313131B125BD0D00154B4B0EEC407BAC83C2CA4A0F1E1B316244AC7CD6BF279FF557FBF9292FF03AAFA1540F166BEC731B1DCDD591DA7DC65353BB58DA58EB6F175AE767F0EA978FD6D04646464EB203AD96138C1A35EA8407C3F47E7A7FDD7E6CF2D8AF85535E60F68320D2590E9E7EFAE9D7F46783E6CD9B07E4DFD0113FD9B38B99356BD6DBC6530F0500A8007A50D8C68D1BA7E9C20A76A0CDCDCD35F7DE7BEF11B77DF9E5978B0D74ECDFBFDFDC79E79D47DCEED5575F75CF8AA3C1E4A1871EAA3A7AF4E8F72594DC949C9CBCA01C4F55036A6E09D7E75A7FD391D7FBADEB62ADD37956A01D6E855B5B8E158CFBB205944F4444C464A7D3A9E51DEE11DAE1C387BBCB0ACAA35AB56ABA5DBAC3EDA64D3A986E6A4836794B4E2F0D8B3E63B3099EB973E74ED169B9B40626907AF5EA55B576EDDA67CB07DD007A1D00824F476825C0CEF1ADA1D552310DB51A2EBCC28B79FDF5D78BDDFFCD37DF74D746DA4E39E5143360C00077A0B569B0FDFBDFFF5E4DEE3F47EB2ECBF17475F184B9A5FC4D03EAF9C6B30083D229BDF4C91658D7E95CB4A3BC9AFD1FC9602B38713A6D97045A5DCCC25D43AB41B4BC81D63BD8EAAFC5FAB8962EE1921708B541A2A3B4E9E9E9FD1212128A7D5005CAE0C1834F910FBA21F47CE0C96BFAB87E0075EFDE9D5F3E804A1A20FCF9FEB5165628F5A0B0AE5DBBBAA767B4E991E91B376E34FFFB9F67A2819F7FFED9A4A5A599C3870FBB2FEB948EB56AD5D2A91C8F782C1D017EE8A187A2E53629E50CB608ADEF85A2EFEF6BAEB9C66FC7DFD8F4F1AEBBEE3AEF8C3298508B32D395C2B66DDB16E5AF9AAA6369DBB66D95989898B3B52687DE0FB8A7E503E1C3060D1AE4C997CA5CAD71EBDBB76FC82E115950506066CF9EED3EAFABD5EDDDBBB7587BEDB5D7CCAE5DBB8A6EFFD34F3F99458B1699C58B17176B6FBFFDB6C9C939FAFCEAD3A64D73FF7B473379F264F7BFA156AD5A55747D6666265B168235E8A0EFDFEDF27939A3BCEF5FEF95C28E36CBC17DF7DD576CB4F6C08103EEF7C29E3D7BCCC48913DDE50736BDDDDD77DFED3DB276C4E7BD1D6C0350638BF27D2FEC92ED6AD6F16C57BA52989C5CA6E7F535D7501B08BA93E435C8D6251CF202A1364874E95B0DB4A57D2805429B366D3471DC4CEF0787C3E1A82AED06F9209B2FAF738E7C40CCD60FB2418306C586D2F37CFFFDF7CDD2A54BDDE7B76CD9E23E12F6ABAFBE32CF3DF79CFBBA81030716FB996BF5EAD5EE2FDA0B2EB8A058FBFEFBEF8FD89E376F2EBE12A31E75FBEDB7DF1EF5363A22658F420C1B36CC1C3A74C87D5E1722F19A5B1108F4FBB7B69C0CB0DEBF19F2FE7DFB78DFBF4F3EF9646259570AD3590C345454AD5AB5E83A0DB2FFFAD7BFBC8F4E77BF1775DAC7B8B8B8630E648C183122422433621B52DB9506D9446BBBDA22DBD4B4636D57BAF4AD7D70986E47DE2527FEA4A5303E3B5E953E2FF0736990646767B7D7A56F83A973E7CE75962C59A2D3AC8CE115083A9D6BE566F960BA393F3FFF907C417E2C1F6E33653B98979A9A5AA16BA12F58B040BF7CCDC30F3FACA34AEE8305343C6ACD568D1A35DC3F8176EAD4E98F3DDF8808939E9E5E6C54C9DAA6DD53CAE8A8AED6FBA994941473EEB9E716CDBBAC23B9FAA5ACFFA6D211DF7AF5EA691DA07B0457478AF554E74FDCB163877B01922A553CAB3E6AD02DCFFCCD4039D4933648DEBF83641BDD2BEFDF39F2FEFDE868EF5F099437656666CEF03E28EC58FAF4E9E37E4FE828ADD27203FD85C29A4BD4F3251D1565FAF5EB57A6C7937FB7EAF0E1C39D63C68C9925C1F69677DF7D771E2F6548A925AFEDADBACF2EDBD5016BBBFAC077BB92EBBAD9E775002190F4F12527D8172B7D5E20D40649565656B560CF452A7BF6F6DC82A85855EC80DBB061C37DB297AE93994F8C8989499D3A756A7E309F88960DE8CE954ED67DC5155798471E79C41D28FFFAD7BF9AE5CB97BB6FF3CA2BAF9879F38A7F17C6C7C7BBE745F4194D7087CE65CB96999E3D7BBAAFD370ACABD9D8745456C3A93D858C4E49A3FFB6D240BB75EB56F77D3414EBF55AD2A021D9BBEE5CBFF8A74C9952149C8120AB61075C79FFEE90F7EF1772799AF7FB574768AD407B5C0B2BE82F1D7AC0CE8B2FBE68F6EDF34C20E01D687524ED8E3BEE386287F2683A74E850FDA1871EDA3B7AF468826D68D321FA81F27A0F6CD0A0C11E09B85F48987D4BB72BF96C6CEFF53D1ED027D1B46953EF8B953E2F106A83242F2F2F4A3FA08249F6FAEBCB1BA640DE2CA37805424675794D34F5F5D25027AF4DC6EFBFFF1E947F58FF3D3D1845BE94CD6DB7DDE6AE77D5158A742A21FD19F4AEBBEE326FBDF55651BDAD4D03A68EDEFA7EB1EA0892DE56172BB043AD7C999A679F7DB6E8272DAD953DF5D453DD650E191919EE9F55F536EEA450A386BBE9C8ACFEBCA6B7D140FBF5D75F1B7B07501FEBD1471F0D5AA0DDBE7DBB59B16285E13D8352D493F76F829C26E8FB4942E37A790FCDDCB469D3133A427B222B85E98E9EEEF469499077B98DEE30366EDCB8D8AF2665D5AE5DBB1A23468CD829C13659DEEF1FC9735ECF4B17BA24CC6ABD571F799DFAE876A5E303DE3B3681E4F3F8A7126A51E640A1F585C1A4358FF266D1D77824AF40C86AAA5F6637DD7453C0FF21AD8BD57A5975C92597B8EBF7BC7F26B56B597DF5EEDDDB1D60F52032DBC2850B4DAB56ADDCA3B0DE23B34A477E35882A2D51E8D1A3873BBCEA28B106606FBA26B9DE7ED6AC59EEE98A34BC5E7FFDF545F77DE38D378E6B94AABC3450FFF0C30F86F70CCA18469AC9363C520FE439D1A56F956EFB5E3F01BBE988ED8D37DE78C28FD9BE7DFBBA679C7146DEE6CD9B9378A52A9DA2BA2B7F4DE3551A9FCFD7D8CADE7184DA208989897149B0750433D85E70C105DBE7CC9953473E78FFC52B1050650D404EE37370A6BC361B3A75EA14178C27A913BB6B398086481D99D5659AAFBCF2CA3F3E0CA28EFC38B083AC6F3DF88F3FFEE82E47D8B973A7FB486D9DC8DBA66509760DADD6E26A50D5ED5ECF7B4F63A4215743ABFEFD965B6E3922BCEA6D831968D5A5975EEA0EDE126C592697F7705942ED867AF5EA7D909A9AFA37D9413CE115C374A74E1EAB58E9818ED47EF4D147EE1AF51321DBF0D62D5BB654D75A7E466A43769B9297C655680D3E796F574EB93EC21E8C0864B0F59E65C378E62026D4E2D86AD5AA75383737B78A1EF11A2CD1D1D13BE5CD919F9292328A572070121212461EE5134B3FB0EC290222E472AE5C5EA85F34B2A3B3406BF2EEB8E30E57B09EABAE4AA33F69EACFFC4D9A3471875B2D21D0515A7B1D71EF9F4035BCB66CD9D2FCE73FFF71075BFB486D3DAD5DBBB6BB0EF6BCF3CE2BFEA122E1D89E4FD37BA4569BF748AD86626D0F3EF8E0519FB39667F87B49E9D268A9848EB83DFCF0C3BC67780F97F47E3EE2FDABD73FFAE8A3CBC68F1F9FFCC0030F1C770982CE49AB338CF8CEF4515858E87EBFF81EB859D640FBE28B2F5695C74CA4A636E4B6290DAC2EEB7BC1A181D677BBCACFCF4F339EE589DD2BD00532D4EAE37BD94EA84599D4A95327533EA09A0533D4A6A5A5FDAA9F8DF47ED0E9EFF855AC3D6EFDE0D2E14E1DBA7C57C2E042F922CCADB02726E155E7A1D51A563B4CEA4C043ACD978E52EA28EE4B2FBD54747BFBC8DB73CE39C73D6382DE57C907AF3B046B50F5A56509258DD46A3DAFD60F1E8B962468FDAD4D0F44F32D710082E898EFDF679F7DF6BDA143871E9A3871E21C398D2CEB88AD06573D30D3BBB4C77BC476F7EEDDEE832775B4B6ACBF5A4808DE3A6EDC380DB44904DA90FC5E88D0D7F868DB9504E29576A8DDB06183DF175EF0E6FD592B56126A5126B56AD55A245FF0CD3A77EE1CB47FF3DB6FBFD54FC645F47ED055B13EB0E648FB5402DDBC60CF72501A0D977A4098AE24A3B31FE8A8AD4EB1A523453A4FEDC71F7F6C3EFCF043337AF4E862A3A3FA25AD23AE7AE0971EC475B445173424DBBC476A7DE968B11EF16D1D18E11EA95AB972A53B60EB32A2FAB39BD292093D78AB3C358BC00904D9E37AFF4E983061AE04DA9BE5744E596741F8E0830F8AFDFCAB0765EAAF2959595945AB89E9E97BEFBD67060D1A74CCC75BB76E5DF6F8F1E36309B495FB7B41766A1649F075CF19ABC75C74EBD62D604FCA9EB3DC52E9F302A13648648FFBB9DF7EFBED76D9338F08D2020CF9BFFCF24B4BE3B5D41E024B7F429293D48888087BBA9FDC507C9E1A30FFF9CF7FBA43E5DAB56BDDA344F6C20B7A9096CE46F0E5975FEA91DDC5EEA707B3E96D75B684D4D454F7C8EDB1E817B2CE6A50D208AD8EE0EA8159B29D1685DE175E78A16854F69E7BEE718F52E9A87020472A007FBD7F35D80E1932A4AFBC47DE7DE08107A28F166C75C7507FD1F00EB55AD6F3D8638F997FFCE31FEE7A75A53B777AD0AF2EAD7BB4E99DB4E460CC9831B5E5FF41A0ADE4DB555454D45CC90AE3F5ACAEB2A8DB42201660D0D283E5CB97EBE097C3BA6A4E65EFEF4836B9E0F8EAABAF7675E9D2E5D6D34E3BADAEF7C13281F2F9E79FBF2B1F7291292929E3E9FDC08A8F8FD7BAD9B765CFFBCE99223D3D7DEDCA952BCB3C327BEBADB78E0AF61CC6FAEFE948EC9FFEF42777CDACB766CD9AB9E7A52D71A84102AFD6C1EAA891F513DA51E954453A6D586934ECEAF462B6E6CD9B177B1E1D3A74D0A3B88BEA7D8341EB1867CC98C181622711D94E7F3DD1F7AFAF65CB96AD95EDFA3B090B09F23E8B2CEDF35E02A87B0A39BB9656CB0BFEF297BFB883AB369D0DC15E625ACB117407F4F2CB2F2F714112BB8656CE0E4C4E4E9ECB2B5AB9BF17D2D2D2F2649BEC2A67E3F4B5D7D7BC6DDBB67E7F8E73E7CED55FDFEC0FF2C5E1901758AE278876EFDEFDC8AC59B30AB48E2AC072A74D9B76AEBCA1DEA0D7034F3E089E912F927742A5C4A0CC6FFE20ACD665AF0E0684327FBF7FDF7BEFBD85870F1FBE61E2C489F95A3AE34B67FED0B21A3BB4DA3B9A76799AD6A56B88B1DFA35A0BAFA53A9F7FFEF9118FA535B4D641614904DAB0FA5E78D53E337FFE7CF7CA8FFEA48FF7C9279F141DA41C2E7981501B4453A64C99BD77EFDE9F74030DA43163C6BC2F1F70FBB2B3B353E87500A890A0BCE0E0C183374E9830215F7F422E1A71C8CD35AFBEFA6AD10A62B6BBEFBEBBD8E5C18307179B11417F829E3E7D7A515982D2115A3D284CCEF6A7E420ECB61FDD4149D5F33A1026DB51D17106E5A5252F2FBDF452A16C5F45A3B4E19217A8A90DB2DDBB775FFFE1871FFED8A2458BAADE3FB5FA4B5A5ADAC7CB972FBF56F6BA2E2B6D8D72004070826DBF7EFDFE3C76ECD84F860E1D1AAB35B6BA82935C7FCCFB6A39C2D16E67CF72A08156FF1D7A3B2CDD2E6D99B453F5E041D98ECCF0E1C3CB35C597065A09C8AE2D5BB6D8E5A77B252FDC152E798191DA204B4949C93874E8D05DB271EEF7F7F2A8B2917EF3FCF3CFB7970D74847CC8ADA5B701A0626929C2C18307FFAC23B6CB972FF74BED9906DAF1E3C757B14A0E08B4619C175C2ED7FD72D61D38754E635DE8E6444B11F47E4F3EF964615A5A5AD101119217EE0DA7BCC081621560F5EAD5692D5BB6CC59BC78F115725A45A7542A2F1DA11D3972648BC2C2C2D7E48D30895EAE3C2AE24031948E03C5E06F6BD6ACD9209FF54B962D5BD657DEEB118D1A353AE101252D39183B76ACD6D00EA4E4E0A4D876D2E3E3E335C55E272D424B1074769A03070EB817D029CB2AA55AF2A207854D9A34C995979757B4ED49607E24DCF202A1B6824808FDA159B3661B25D8F68C8C8C2C68DEBC7995133C702777DCB87129F2E1D64D36D0C7E5F4157A97500B422D422FD8B66EDD7AC5D2A54B6F8A8B8B8B68D8B0E1717FE0EB08AD065A39DB5FC2C867F4EAC9213D3D7DA56C3BBFC8D91E0E872356674458B76E9D7B4A385D30470F38D4A9423543E814885A62A0BF044BCE7087D9B7DF7EDB29DB9F431732B31E52E7CB1D1C8E79C1C1E652B11212129ACA8638A566CD9AAD070F1E5CAB43870E55CB78D7FC2FBEF862EEF4E9D39BC9069DAF3531941C544EF23ABA740E4A8486AFBEFACA5C79E5957C362220121313AF96CFFC39C3860D8B3EEFBCF3CA3C3D88D7B45DD4D09EC47941BEEBDF9270DAA31C0FB3389CF30223B515BF07962B7B53D39B376F9EF1DD77DF359C376F5E8D9F7FFEF937D9E80E4445451D888E8EAE21A7FA53C3D6EDDBB767C95EFEF73366CCD83079F2E498152B56389C4EE71B393939C3E57EDBE8CDCA8991DAD0C2482D02FC99BFBE55AB56F251BEB49FBEEF1B356A74CCEF613BD06A0D2D23B427775E9036233E3E7E8D64045D8DA18929FBB1518BA58D0CF7BCC0EC0721423EA874258F394949498D57AD5A75F3CA952B2F91CB9DA4E91C775A34535B9AAE9BA8F3CAFD9FB47BB5889C9E0380CA450F1EEBD7AF5FEF71E3C67D386CD8B0C39D3A752A7575115DFA56570A93B3AC148623F282ECE8DCEC72B9ECBCD0D0CA0B9A1BB64B5B693C4BDFCE3959F202A136C4CC9C3973B39C4CB01A00204C836D626262DFF1E3C7BF3F7CF8F0BC8E1D3BD6F2BD8D35CB81D650B2B002C80B65C0945E00005400AD8D2D2828B861ECD8B18E65CB96E579FFCD5E58A1B0B0F056022D40A8050020A4E988AD04DB3E13264C702C5DBA74971D68ED1A5A4A0E508206D21E388EDB5F2AED7A69DDACFB126A1174E748BBC4E7BAA1D25A7A5DEE6C5D0700A8FCC1367AC48811791268AB1368E1E33C6935ACA66B2C57F7BAACEDEAA3DCB7B6D596489B12CED98F505BB174EFA997B431D21EB3CEF791A61F64CD4A787DDA49F39E8643F7BC66D38D0050F983AD9C7CB479F366ADADFD88400B1F493E9960A2D7799DEAED2269F614713A22FB809529B4E92C093A0876B9B437A58DF6BA6D58E140B18AF5B575AA4B8A654B5B68ED71E986E73D6DCB19D23A486B6C6DA04DA5255BF7D962EDA1ED309E35A201009590CBE55AEF7D0A7879D7FAEEDFED73FD4DD2DE9636D2EBBA1869BBBC728406D857ADCB9A273E9776281C3B8991DAD066EF496970D50FB91469A9D65ED768EBBA5ED6EBA83F299C439701001076B47460B5B4DF7CDA3869078D672A2F6FADA5E9220DB71B4FE981FDF7E1D6F5618991DA8A73AEB438694EE3292B686285D8586B6F4CC3EA0DD24619CF88AC6E84EF1BCF28EEB7D67D7543FEC6DAE3DA6DED99010080F0A2E58A35A59D6E3CE5061B8CE7B81BCD002DAD9C90EC95ED7E309E5F7F75C06BB695133463B491F637422DFCED47AB291D61D5650FB55ED6BBFCC0BB04A1BEB5D16ADDCC0BD2B61ACF518CF61E573B6BE3060000E1C52E57EC658553CD07FD4BC80AC6FAFB1EEBBC0E9CED359E91DE0FA43D1BCE9D44F94168686D8A1F005612A7B557769AB43C2B08EFF2DAA0E3E8460000C2DAF95640F515EF75BEA9B434537CFAAEA5D22E96966E65BFB02C4120D456BC53A46595E176BA16BD4EE971A6B55103008093C759C6F30B7B760919AEABF9A36E56AFDF643C258C7A00B90E825D25ED4269BA90C7086985E1D841941F54BCBB8DA79CE058B4FC40E7A5EB2D6D98B4CDD65E574D5E4B0000C296962576B142EB135ED7AF92F68A753EDACA09315670556F5A81B6BE57CED0A9401F369E9204422DFC46A7F1D279E35E9296EF75BD06D77525045AADA57DCEBAFC9CB561EA1E985DB640F901008486FF49EB54C2F55BADEB37D145380E1A40179470FD9832DC779D4FA6D0E93F1F0AD78E22D4561CDDB03E2BE543EF659FEB7E97F6B1CF75BE975FA14B01A042E9A4F78B8C67B0C2FE7E8DB0CE3F6F3CE56387E82680500B0040281B64855A9D89468F32BFC8BA5E6B20FB19CFB44C3ABBCD537415E07F1C280654F49B3022C2E5743AE9881020AF834E665E404FE004BD286DA575FE75E32913D3F60FEB3A9D96A907DD04106A81B0141B1BBB6DCF9E3D744408D8B56B57BA5728018E971E2BD1DE947C8C834E8CAF4B94B2070B106A81F0141D1DBD78F7EEDD744408C8C9C9D139A053E9099C003D6827CAFA5EDDE0F3B766C673DCC316BA0920D402612B3FF76E018800000CAC494441543F7F747676F66197CB456754AC8C9D3B77EACA7CEFD31538017F97A6E52B5F97F0B7F5C6B394B9CE4B5E85AE0208B54058EADAB5EB5209B4ABB3B2B2E88C0A949E9EFE85BC0E59575E79E5F7F406CAE112EBB49AF18CD06A6B6B3C5333EAAA4FBDE92280500B84ADFCFCFC01191919FBF3F2F2E88C0A909B9BFBD1CE9D3BFFEC743A87D11B28871A3E97F749D382791DA9D592049D9E712BDD04106A81B075D55557AD954075C39A356B76136C831F68D3D2D2DA381C8EBBE47548A747500EABBDC2AD6E4B3F1ACF02397A5E4B13DA18CFB45E0008B540F8EAD1A3C7C28282829B57AD5A95979999B9931ADB80CB484F4F7F6BF5EAD5BAB2DF83D2FFF3E812F839DCFA9A6D4AAEB905E007917401103AA64F9FBE21292969EEEEDDBBDB656565D5CACFCF5F171111E1888989A9E17038E8A072D2796877EEDCF9CDC68D1B97FFFCF3CFF50E1C381025D725F5ECD97331BD838A161F1FDF5D4EB42D921DAE547A04383EAC280684182D45D093CF3FFFBC7D7676F64DD2F44BAE8EB4587AA7DC749E50AD6BFC49DACB1C14063F3A5DDA7B65B8DD5DC653920080500B9C1C7AF6ECA98B00B010005039E852B8F74ACB38CA6D6A4BFBC5786A6E598401F0336A6A0100F00F9DE9E062690DA5EDF5F9AED5CBF9D2FE44A00508B5000084BACFADD0DA4D5A57691DA44DB4FEB6C3784674010400E5070000F89F4EE775C0784668FF42770081C7482D0000002A3D466A0100F0BF53A47D21AD405A7B69EF4BFB986E0108B500005416B58C67E692F6740540A80500A0B2D183C24EB1CE1F2DD032551F40A805002064E9F2B885C7B84D0CDD04106A010008651BE802A0E230FB0100000008B50000C0F497165FC2F58BA42DA07B80C0A3FC000080F27B575A9CCF75AF48FBB7B469740F40A80500A032D2D90FE619466981A0A1FC000000FF6B48A005828B915A0000FC4343EC40692DA52DB14EBD4558DFBBABE92AC0FF18A90500C03F6E9676BDB4A9D2EA5901D66E55A45535CC530B040C23B50000F8C75E698F491B693CF5B4AF4B9B4BB700C1C1482D0000FE5520ED6A69ADA425D21D00A1160080CAEC396935A59D4B5700845A00002A8BFA255CF7A6B4EE740D40A80500A0B25852CAF593E81A80500B000000106A01000040A80500000008B500000000A11600000020D402000080500B000000106A01000000422D00000040A805000000A1160000000869517401000040E5929494D4B8A0A0A0B7C3E1E82617DB4B6B28AD86B47C69392E976BA5FCED9BC8C8C8949933676E26D40200002064242626F69693214EA7B3AB84D62A25DC24565A53F95B5339ED5D5858F862424242AA5C9E929C9CFC0EA116000000154682A906D5D75D2ED7552770F7EE72BFEEF2188325E4DE3E7BF6ECF5845A0000000455FFFEFD1322222226399DCE53ECEB2223234D7C7CBCE9DCB9B369D6AC99A953A78EA959B3A6D9BF7FBFC9CDCD3519191966E9D2A566C58A15E6F0E1C3F6DDBAC8FD7E484C4CBC371C476D09B5000000A11B68AF9340FB8E04DA483BCC5E73CD35A667CF9EA67EFDFA47DCBE5AB56AEED6A8512373F1C517BB03EEA79F7E6AE6CF9F6F0A0B0BF526355C2ED70C09B6B1126C2787535F45B2B9000050F1E2E3E3BBCB89B645E9E9E9A9F408AC11DAF72484BAF39A06D5C71F7FDC74E9D2C554AF5EBD4C8F111B1B6BDAB66D6BCE3FFF7CB376ED5A93979767FFE9FA366DDAFC2ADBDAEA70E92FA6F402000008315A431B191939C90EB42D5AB430A3468D32679E79E6093D9EDE4FEF2F41B6E83A79ECD71213135B126A010000109880161131D9AEA1D511DAE1C387BB6B66CB43CB12860E1DEA1D8CB514E12D422D000000FC4EA7ED92407B859ED71A5A0DA2E50DB4DEC1F6FEFBEF773FAEA58BFC7B0308B500000028262121E1710DA6DDBB773FD103F287D867F4A0B0132D39288D3EDE75D75D5774D9E5720D0E877E67F603000000FF7A5A82A269D0A0C1FEFEFDFB7F1C111131ADA0A060F1ECD9B3F71EEB8EBA5298D3E9BC4CCFDB331D04C2D5575F6D3EFBEC337BBAAF2E5AC39B92929241A805000040310E87A39A9C2448C04D90809A27C1719E5C372326262675EAD4A9F925DDC75AFAD65D1BD0AE5D3B53B76EDD803C379DD7B663C78E66C99225F655374B1B43A8050000C0D1D492768B04DC5BF28504DCD9125E3FC8CECE9E979A9A5AE01584BBD9E72FB8E082803E217D7CAF50DB8D500B000080E3112B6DA004DC810D1A34D82301F70B09B36FE908AEE4DDF6F68DE2E2E202FA249A366DEA7DB17D65EF54422D0000A165A4841C7AE124216156A735E82301B78F045ABDCA69FF4D4B0402C9E7F14F25D4020000BF075BBAE0A455343395BFA6F12A8D4EEFE52596500B0000FC612A5D7052ED94385D2E97D3E17014CB627259AF7707DB3D7BF60434D8EEDFBFDFFB623EA1160000949B359DD2287AA2F24B4848282DD46A6941A1B468691112602324C0E6CAE942693363626216E4E7E7A7C9DF9AE98D737373031A6AF5F1BD6C27D4020000A0341A62753258FD793FC26A3A5FED0269EF56AD5A75E1D4A95373BD02F14A3BD46ED8B0C1EF0B2F78CBC8C8F0BEB892500B000080D2445A4D83EC1C699FC6C6C6CE2B6D9E5A97CBB5C8E170E89CB166E9D2A5A65BB76E017B62FAF85E16116A010000505240D511D8545D51CC5A7021F798C12C2A6A6E6161E1783DBB6AD52AB373E7CE802CC0A0A507CB972F77C9598775D51C422D000000BC3DE1703832626363E79436225B9A9933676E4E4C4C4C9540DC43C2AD993F7FBE2E9DEBF727B860C1025DBDCC0EB48B2BFB12B9845A0000003F9380F84C391FE255693DF48C86DAAE5DBBFAB5B676D3A64DE6934F3E291AA59500FE4638F47B049B1E000040E8484E4E9E2B27A97A5E476B274C98E09EDECB1F741AAF975E7AA9D0E974168DD2666767A7106A0100001008B71B6B9AADACAC2C3376ECD872075B0DB412905D5BB66C89B4AEDAEB7038EE4A4D4D2D08870E8B649B010000082DE9E9E9B9AD5BB7DE24A1B3B75C8CD8B163871ED865CE3DF75C53BB76EDE37E3C2D3978FEF9E70BD7AF5F5F34A0298F7D677272F297E1D267845A00008010B466CD9AF4F8F8F84D72F63A0DB63A52FBE5975F9A03070E98264D9A98D8D863AF6CABB31CCC9D3BD74C9A34C99597975714685D2ED72329292993C2A9BF1C6C32000000A1AB7FFFFE0972F29AC3E1A8635F17191969DAB56B672EB8E00213171767EAD4A9E35E7D4C4B0C34C8EAC20A3AB22BCD79F0E041EF72539D2FF77E09B453C3AD9F08B5000000212E2121A1A984DAB774AAAF723CCC62ADA14D4E4E5E1B8E7D44A8050000A83CE1F66609A68325DC7637659F9A75B1B429393939EF84CB4161845A00008030909494D4D8E974DE2CE1F612B9D8495A43695A64AB8B3DE8AC092B8D67E9DB39E1B0B00200000000000000000000002849BCB42AD6F95A3E7F3BA794FB0C9416679DAF27EDADA33C7E92B453ACF3D5A4BD5DCAEDBA49EB55CADF5AF232010000E06834947E609DD7D5C3FA5BE152DB0269357C6E1F655D37CE27B496B63AECE95E8F7FB7B4F34AB8CDA55648FEBBB406C6331FEE40AFE7F17565EA5096C905000008BE1DD28659E77D672438643CF3C97A9B6505E197A43D226D8DF18CF07EEC73BBF3AC40DA41DAE7D6F96656681D68DDD7A623C2BBA58D91B655DA3C693749FBCC6A1B2A538746B14D01000004558495C14E93F69B75DD422BE81A2B58FA3AE8F5770DA313ADF3D93EB75BE5139293A5251EE5B9E8E8EF45D29CD673D21914FA56C68C48A8050000082EAD71BDD0784A0E9659D7E9A20A7BACF359C65316E03D525AD6F9650B8E71F90C695BBC2EEB88F03CEBBCD6DDEAB2BCB3ADCB57136A010000501A0D923A32EB5DE7FA95F18CC0FE28ED5CE32917F00EB57AB9AB75FE74AFF355BC6EA335B6977A0559CD79F5A5DD232DD32BA88E357F8C10DB6EB7AE7FB0B2762AA1160000A0E2691DED3A6977483B2C6D89CFDF271B4F9DABBAD1EBBC2E79ABE503DF49DB658AD7D8DE29ED39E3A9A9B56FFF5909FFB6CE80A023B4E995B90339500C000020F8745455A7CCD21A561D4D7DC4BAEE05E319AD1D6DDD4E0F0ED35284E5D2CEB25A35AFF34A47764FF7797C7D4C1D095E64DDF7EE529E87065E3D48EC4B5E120000001C8FCED22658E71F90769F155CB59420C20ABA6D4DE9F3D54E3BC6E36BD87DC27A1CDB6DD6BF59DFEBBA3BCD1F73D1EA016393A4F5B642734419FE9D90E260BB020000A8505A3ED0C6784656ED209A6905D392BC216D7009D7EBA8AE4EE5A533259434C7AC1E8CF6B0B47EC653AAA0D37D69C9C37A9FDBE973D091623D886D062F0F000000000000000000000000000000000000000000000000000000000000000000000000000000000000000000000000000000000000000000000000000000000000000000000000000000000000000000000000000000000000000000000000000000000000000000000000000000000000000000000000000000000000000000000000000000000000000000000000109AFE1FE641405A3CAD13250000000049454E44AE426082, null);
INSERT INTO `act_ge_bytearray` VALUES ('923d5cb7-905a-11e6-87e6-50af736bcfa7', '1', 'test.bpmn20.xml', '923d5cb6-905a-11e6-87e6-50af736bcfa7', 0x3C3F786D6C2076657273696F6E3D22312E302220656E636F64696E673D225554462D38223F3E0A3C646566696E6974696F6E7320786D6C6E733D22687474703A2F2F7777772E6F6D672E6F72672F737065632F42504D4E2F32303130303532342F4D4F44454C2220786D6C6E733A7873693D22687474703A2F2F7777772E77332E6F72672F323030312F584D4C536368656D612D696E7374616E63652220786D6C6E733A7873643D22687474703A2F2F7777772E77332E6F72672F323030312F584D4C536368656D612220786D6C6E733A61637469766974693D22687474703A2F2F61637469766974692E6F72672F62706D6E2220786D6C6E733A62706D6E64693D22687474703A2F2F7777772E6F6D672E6F72672F737065632F42504D4E2F32303130303532342F44492220786D6C6E733A6F6D6764633D22687474703A2F2F7777772E6F6D672E6F72672F737065632F44442F32303130303532342F44432220786D6C6E733A6F6D6764693D22687474703A2F2F7777772E6F6D672E6F72672F737065632F44442F32303130303532342F44492220747970654C616E67756167653D22687474703A2F2F7777772E77332E6F72672F323030312F584D4C536368656D61222065787072657373696F6E4C616E67756167653D22687474703A2F2F7777772E77332E6F72672F313939392F585061746822207461726765744E616D6573706163653D22687474703A2F2F7777772E61637469766974692E6F72672F70726F63657373646566223E0A20203C70726F636573732069643D227465737470726F6365737322206E616D653D22E6B58BE8AF95E6B581E7A88B2220697345786563757461626C653D2274727565223E0A202020203C73746172744576656E742069643D22737461727422206E616D653D22E5BC80E5A78B222061637469766974693A696E69746961746F723D226170706C79557365724964223E3C2F73746172744576656E743E0A202020203C757365725461736B2069643D226C65616465724C61737422206E616D653D22E9A286E5AFBCE5AEA1E689B9222061637469766974693A63616E64696461746547726F7570733D22E7B3BBE7BB9FE7AEA1E79086E59198223E0A2020202020203C657874656E73696F6E456C656D656E74733E0A20202020202020203C61637469766974693A666F726D50726F70657274792069643D226C65616465724C617374526573756C7422206E616D653D22E5AEA1E689B9E7BB93E69E9C2220747970653D22656E756D222072657175697265643D2274727565223E0A202020202020202020203C61637469766974693A76616C75652069643D2279657322206E616D653D22796573223E3C2F61637469766974693A76616C75653E0A202020202020202020203C61637469766974693A76616C75652069643D226E6F22206E616D653D226E6F223E3C2F61637469766974693A76616C75653E0A20202020202020203C2F61637469766974693A666F726D50726F70657274793E0A20202020202020203C61637469766974693A666F726D50726F70657274792069643D226C65616465724C6173744F70696E696F6E22206E616D653D22E5AEA1E689B9E6848FE8A7812220747970653D22737472696E67222072657175697265643D2274727565223E3C2F61637469766974693A666F726D50726F70657274793E0A2020202020203C2F657874656E73696F6E456C656D656E74733E0A202020203C2F757365725461736B3E0A202020203C6578636C7573697665476174657761792069643D226578636C75736976656761746577617931223E3C2F6578636C7573697665476174657761793E0A202020203C656E644576656E742069643D22656E6422206E616D653D22E5AE8CE68890223E3C2F656E644576656E743E0A202020203C656E644576656E742069643D22656E646E6F22206E616D653D22E98080E58D95E585B3E997AD223E3C2F656E644576656E743E0A202020203C73657175656E6365466C6F772069643D22666C6F773422206E616D653D22E4B88DE5908CE6848F2220736F757263655265663D226578636C7573697665676174657761793122207461726765745265663D22656E646E6F223E0A2020202020203C636F6E646974696F6E45787072657373696F6E207873693A747970653D2274466F726D616C45787072657373696F6E223E3C215B43444154415B247B6C65616465724C617374526573756C743D3D20276E6F277D5D5D3E3C2F636F6E646974696F6E45787072657373696F6E3E0A202020203C2F73657175656E6365466C6F773E0A202020203C73657175656E6365466C6F772069643D22666C6F773322206E616D653D22E5908CE6848F2220736F757263655265663D226578636C7573697665676174657761793122207461726765745265663D22656E64223E0A2020202020203C636F6E646974696F6E45787072657373696F6E207873693A747970653D2274466F726D616C45787072657373696F6E223E3C215B43444154415B247B6C65616465724C617374526573756C743D3D2027796573277D5D5D3E3C2F636F6E646974696F6E45787072657373696F6E3E0A202020203C2F73657175656E6365466C6F773E0A202020203C73657175656E6365466C6F772069643D22666C6F77312220736F757263655265663D22737461727422207461726765745265663D226C65616465724C617374223E3C2F73657175656E6365466C6F773E0A202020203C73657175656E6365466C6F772069643D22666C6F77322220736F757263655265663D226C65616465724C61737422207461726765745265663D226578636C75736976656761746577617931223E3C2F73657175656E6365466C6F773E0A20203C2F70726F636573733E0A20203C62706D6E64693A42504D4E4469616772616D2069643D2242504D4E4469616772616D5F7465737470726F63657373223E0A202020203C62706D6E64693A42504D4E506C616E652062706D6E456C656D656E743D227465737470726F63657373222069643D2242504D4E506C616E655F7465737470726F63657373223E0A2020202020203C62706D6E64693A42504D4E53686170652062706D6E456C656D656E743D227374617274222069643D2242504D4E53686170655F7374617274223E0A20202020202020203C6F6D6764633A426F756E6473206865696768743D2233302E30222077696474683D2233302E302220783D2239302E302220793D2237352E30223E3C2F6F6D6764633A426F756E64733E0A2020202020203C2F62706D6E64693A42504D4E53686170653E0A2020202020203C62706D6E64693A42504D4E53686170652062706D6E456C656D656E743D226C65616465724C617374222069643D2242504D4E53686170655F6C65616465724C617374223E0A20202020202020203C6F6D6764633A426F756E6473206865696768743D2238302E30222077696474683D223130302E302220783D223232352E302220793D2235302E30223E3C2F6F6D6764633A426F756E64733E0A2020202020203C2F62706D6E64693A42504D4E53686170653E0A2020202020203C62706D6E64693A42504D4E53686170652062706D6E456C656D656E743D226578636C75736976656761746577617931222069643D2242504D4E53686170655F6578636C75736976656761746577617931223E0A20202020202020203C6F6D6764633A426F756E6473206865696768743D2234302E30222077696474683D2234302E302220783D223436352E302220793D2237302E30223E3C2F6F6D6764633A426F756E64733E0A2020202020203C2F62706D6E64693A42504D4E53686170653E0A2020202020203C62706D6E64693A42504D4E53686170652062706D6E456C656D656E743D22656E64222069643D2242504D4E53686170655F656E64223E0A20202020202020203C6F6D6764633A426F756E6473206865696768743D2232382E30222077696474683D2232382E302220783D223631352E302220793D2237362E30223E3C2F6F6D6764633A426F756E64733E0A2020202020203C2F62706D6E64693A42504D4E53686170653E0A2020202020203C62706D6E64693A42504D4E53686170652062706D6E456C656D656E743D22656E646E6F222069643D2242504D4E53686170655F656E646E6F223E0A20202020202020203C6F6D6764633A426F756E6473206865696768743D2232382E30222077696474683D2232382E302220783D223631352E302220793D223136352E30223E3C2F6F6D6764633A426F756E64733E0A2020202020203C2F62706D6E64693A42504D4E53686170653E0A2020202020203C62706D6E64693A42504D4E456467652062706D6E456C656D656E743D22666C6F7733222069643D2242504D4E456467655F666C6F7733223E0A20202020202020203C6F6D6764693A776179706F696E7420783D223530342E35363634333335363634333335352220793D2239302E3433333536363433333536363434223E3C2F6F6D6764693A776179706F696E743E0A20202020202020203C6F6D6764693A776179706F696E7420783D223631352E303030303834393832363534352220793D2239302E3034383738303139313639383039223E3C2F6F6D6764693A776179706F696E743E0A2020202020203C2F62706D6E64693A42504D4E456467653E0A2020202020203C62706D6E64693A42504D4E456467652062706D6E456C656D656E743D22666C6F7732222069643D2242504D4E456467655F666C6F7732223E0A20202020202020203C6F6D6764693A776179706F696E7420783D223332352E302220793D2239302E3131383736343834353630353731223E3C2F6F6D6764693A776179706F696E743E0A20202020202020203C6F6D6764693A776179706F696E7420783D223436352E34353233383039353233383039362220793D2239302E3435323338303935323338303935223E3C2F6F6D6764693A776179706F696E743E0A2020202020203C2F62706D6E64693A42504D4E456467653E0A2020202020203C62706D6E64693A42504D4E456467652062706D6E456C656D656E743D22666C6F7734222069643D2242504D4E456467655F666C6F7734223E0A20202020202020203C6F6D6764693A776179706F696E7420783D223438352E352220793D223130392E35223E3C2F6F6D6764693A776179706F696E743E0A20202020202020203C6F6D6764693A776179706F696E7420783D223438352E352220793D223137392E30223E3C2F6F6D6764693A776179706F696E743E0A20202020202020203C6F6D6764693A776179706F696E7420783D223631352E302220793D223137392E30223E3C2F6F6D6764693A776179706F696E743E0A2020202020203C2F62706D6E64693A42504D4E456467653E0A2020202020203C62706D6E64693A42504D4E456467652062706D6E456C656D656E743D22666C6F7731222069643D2242504D4E456467655F666C6F7731223E0A20202020202020203C6F6D6764693A776179706F696E7420783D223132302E302220793D2239302E30223E3C2F6F6D6764693A776179706F696E743E0A20202020202020203C6F6D6764693A776179706F696E7420783D223232352E302220793D2239302E30223E3C2F6F6D6764693A776179706F696E743E0A2020202020203C2F62706D6E64693A42504D4E456467653E0A202020203C2F62706D6E64693A42504D4E506C616E653E0A20203C2F62706D6E64693A42504D4E4469616772616D3E0A3C2F646566696E6974696F6E733E, '0');
INSERT INTO `act_ge_bytearray` VALUES ('92a14ea8-905a-11e6-87e6-50af736bcfa7', '1', 'test.testprocess.png', '923d5cb6-905a-11e6-87e6-50af736bcfa7', 0x89504E470D0A1A0A0000000D494844520000028D000000CB08060000000B33A915000013244944415478DAEDDD7B685E759EC0E1CCA0B820E20A8A8823547670FDC33F441666C04144465410BC60499BC4B6C4D2A8EBA5B6167455E2AD586F04DD8555711C94AE5D11A95DD7A96DDADA5AABE2A5D4AED776B56AADADE976329A69626DEDD9F37D27271CDFE6F6E6F2F6BCC9F3C08FBC7D2F493939493EEFEFDCEAEA000000000000000000000000000000000000000000000000000000000000000000000000000000000000000000000000000000000000000000000000000000000000000000000000000000000000000000000000000000000000000000000000000000000000000000000000000000000000000000000000000000000000009804922439E2F3CF3F7FFEADB7DEFA69F5EAD5497B7BBB51E5B16AD5AAE4B5D75EFBBF743459230180428A605CBF7E7DD2D1D191ECDBB7CF384C63F7EEDDC9BA75EBBE4B03F20A6B2500503831C328180B138EFBDADBDB3FB656020085139BA4055B71461A8DFBAD950040E1C43E7562AD50D198582B01809A8DC6BFFE6567F2F93B7F4C3E5C757769C4EDB84FE88946004034964657E78EE483157724EFBFBCE06723EE8BC7C49E6804004463B2FDC3FF3A2418B3F1F5872F893DD1080088C67DC9C7AFDE3F6034C663624F340200A231F9A0FDCE01A3311E137BA21100108DA251340200A271E8688CA3A5078AC6784CEC8946004034265B37FCDB80D1188F893DD1080088C664CF8ECDC9072B5B0FDD349DDE178F893DD1080088C6D2D8F6EE33874463DC27F4442300201AFF367EF821D9FAC6BF1FBA693ABD2F1E137BA2110098E4D118577CD9B2E15F07DCA7311E735518D108004CD668FCE18764E7D635C9FFBCF22F03066336E239F15CB38EA211009844D138D4ECA25947D1080088C661CD2E0E36EB28FE442335EBEF2D0200861D8D230DC66C883FD1484DBA301D49EF4700183A1A0DD1C8A4F3FB7474A6A3ADF7E3C5160900A25134427FC1988562CC34EE168E008846D1080305E350F703201A0DD1C82473E11061983D6E1F47E0E79224F9BBCD9B37B73CFDF4D3EB162D5AF4DD0D37DCB07FD6AC59C9B469D392A6A6A683D75C73CDBEDB6EBBEDF3FBEFBF7F713AFED112138D8668A4E68371A82034E348BF1A1B1B7F555F5F7F5DDA08CFA7636B3ABAA217D2D1938E6DE9634BD38F37C7F32CAD09168B2FBCF0C233F7DC73CFFEB973E7268F3FFE78F2D65B6F253B76EC487A7A7A92101F3B3A3A92F7DE7B2F49A332B9F1C61B0FDE74D34D5FCC993367B625281A0DD1484DF97D5D653388953E9F096CFAF4E997A6A33D1DFB7A237138E3D5F4F94D965E8D4BE3B0F9DE7BEFFD61C18205A5203C70E040325C9B366D4A6EB9E596032D2D2D1F4F9D3AF5D796A66834442335138C178FE0755DC271F24AC36F4A1A7EAF54108AFD8DF57AA13667178F58B66CD99AABAFBE3A79E9A5972A8AC572AFBCF24AD2DCDCDC6DD651341AA29109198C63F57A6A547D7DFDB48686863FE703B0B1B131B9EFBEFB92356BD6245F7DF555F2FDF7DF979A60EFDEBDA52D951B366C48DADADA922BAFBCB23C1CBBCC3AD65830AE5DBBF6EDEBAFBF3ED9B2654B3216BEF8E28B240DD0EED9B367FFB3252C1A0DD148E10C75D04BB53F0FB5138C17A79177201F8B8B172F2EEDB2361C9D9D9DA5E7C7EBF2F1987E4E134DB5206618231887FB0D1FAEF87C73E6CCF10E42341AA2916206E3586D5A36E338896618F3C1386FDEBCD2ACE248C4EB6257B8B270D40B4516FB30C626E9B19A61EC6FC671C68C199DE98A70BAA52D1A0DD1C861577E10CB2FD231B3F76325CA5FE7E098092EF661CC6F926E6D6DEDDB043D52B1E97AE1C285E59BAAF54211C551D277DF7DF7BED887713CBDFCF2CBDD8D8D8D6F5AE2A2D1108D1422182FCE85DF1FEAFE767DE93F54108E03BD4E384E606930AECACF308E3618F3E15836E3B8DED22EA0A54B97FE477CA37EFCF1C764BC5D7BEDB5BB4C3B8B464334529860ACEB9D294C726338E1980FC66CCCC83D6E1FC709284EAB93DF8771A49BA407DB549DDFC7512F14709631CEC318A7D5A986F7DF7F7F9FD946D16888460E8B8142AEBF001C2C1CFB7BFE93FD3CDF3E8E132F1ADBB3A08B8358C6C392254BCC3616555CE9250E7E19CDA9752AD5DCDCBC2BF689B0F40FDF0F7D3A7E271A452313F7E7779060BCB08210EC2F1C871B8CE5E16853758DAF57710597ECE097980DDCB367CFB834421C555D763A1EBD50147169C0279F7C32A9A6B6B6B64D7109214BFFF0C84DFBB7D7D7D7FF56348A4626DECFEF08C36DA870AC3418F35F7FB719C7DA5EAF7A2F0D587ADE030F3C30DE9D908F46BD5014712DE9B8346035BDF1C61B5FA42BC14B96FEE1FDE5901BCBFB7B87291A4523B5FBF3DB4F300E37D8060AC75F8E3018CB673A85638DAE57BDD7922E3DBE76EDDA71ED84380178EEFFA2178AE2861B6ED8BF73E7CEAA46E3AE5DBB3AD29560BBA55F985F0E7DEF30F3BF2444A368A4767F7E47188C8385E3A7A308C6D1FE7F28C07A95FE7B6B76FF581F00532EAE1C93FB7FE885A298356B56D2D3D353D5688CAF97AE043D967EB17E39E4DF61C6E609D1281AA9DD9FDF3198D9EB2F1C47138CE5E1681FC71A5BAFD2D19DFD7BAC4EB333D8E977725F5B2F146945391C46796173A30AA3DAD1F8E5975F96FE20EDDAB52B79F7DD779365CB96252FBCF04272D96597956EC763CF3DF75CDFF3CF39E79CE4820B2E48B66EDD9A2C5AB4A834E2763CEF89279E18F46BC5731E79E491219F73F3CD37F7DD8EF39866B7DF7EFBEDAA47A375D218EEB8FCF2CBB3B86B1BE59F885FF633C3F869EFFDA3D1E6FB54DBA3DA9DA0D60A62E6CC9907AB3DD3D8DDDDBDCB3B8742BEA37C27AE257AEEB9E71E11CFAB763446F41D73CC31C9279F7CD2775FC4E289279ED8EFF34F38E184E4BCF3CEEB37F6E25410F9FBD6AD5B57FA5C3366CC287D3CF9E49393DFFCE637A5DB599C9E7AEAA9877C9E38482CBBFDECB3CF1E72DB4C2345FDF9AD1BFD2502079B69ACE404E0661A27C87A15576931D338C95D7FFDF5FBAABD4FE337DF7CF3A97D140AF5CBA1FC8F4D5DB5A3314EB1107F8CB299C2E79F7F3E39E5945392A6A6A6D27DD9FD9B366DEA7B4D84E171C71D57BA2241C4601684F1BC8F3EFAA8F4583E00F3A177D45147952235FBF791471E99DC7AEBADA5DB9F7DF659DFE7499749697633FB9CD9E7DABC79736936543452D49FDF5CA075D58DCF3E8D230947FB34D6F07A659F46EAEEB8E38EADD53E7A7AC58A157F723454217E39BC1967F71FE08F4D55A331FE084584AD5CB9B2B4793A022EEE8B988C59C2EC394B972EED7B4DCC0C9E7DF6D9877CAE98394FDF98F46DEA8EFBBEFBEEBB64E3C68DA5FBB3C76216316EC7CCE649279DD4EFFF293FD318111A3392717BF9F2E5A58FF16FD148117F7E4731B337D06975FA3B7ABA927074F4748DAF578E9EA6EEC1071F7CB2DAE7696C6D6D7DD979970EEB2F87C16626AA1E8D31B317FB336671F6CC33CFFC6C462F3E46F09547E3071F7C50BA2FC2F1FCF3CF4F1E7BECB1D226E7F818111807799547607CEEAEAEAEBED9CCB81DFB2A1E7DF4D1FD46E369A79D568AD9B8FDE69B6FF6DD7FE69967DA3C4DA17F7E4738C337D479182BBD724CE69FEA9CA7B1E6D72BE769A4EEF6DB6FFF87EBAEBBEEA72A5E11A6A7A1A1E13367782FBE6ACE346EDBB6ADB4E9393601C7BE8ABD81947CFDF5D73F8BC77C340E3463397BF6ECD2EB56AF5E7DC8631198D9A6E7E6E6E6D2ED08CC4B2EB9A4EF79EBD7AF4FD275B4F49C6C19649199DDCE1F90231AA91143CDF40DF7C4DD958663B689FC52DF82DA16578449FF76EFAFC615619A9A9A0EBA224C41CD9B37EF7FAB75EDE9152B562C762D49D138D0884DCB75B97D1B2324EB7AF727ACEBDD1C1CB383679D7556DF4132E99B9E9FEDCF78D145179502EF8C33CE38241AF3E117CF8FDBB1A9F9D8638FED7B5EEC801DBF0CEBCA0E7EC9BF362236FEAFA2911A33D08C63A5577A196E38665F4F304E10AE3D4DDD55575D3575FEFCF9FBAB30DBD8D9D0D0B0315DE99A2C75D1981FB16FE1534F3D55DA8730DE65669114A1164754C7BE89D98128F911B389F1076BFBF6ED439E4A271E8BA3ADCB671A8F3FFEF864EEDCB943EED318A7D989FD6CE276767AA0D8442E1AA9C119C7F24DC533EB2A3F0F637FE138A382994D6A331A2FCD822E661BC7FA8098F87C69271CCC9D5C5C2F14514B4BCBE6D8B76B3CC5FE93F1AEA1C27D719824338DD9A6E8BBEEBAABF4EF08C12CD022DEEA06383F62DC1FFBD7644760C73E8DC339F0269B692C1FBB77EFEE8BC288D66CF63346F6DA6C1FCBEC3C8EA2911A0CC7FCC131F900ACE4C4DD03BDCE697526B0F4EFF8AB59D4C5D92BC6EAF43BB19567FEFCF907F2B38C7AA1B82BC194E6E6E6EE2D5BB68C4B306EDEBC7959FA3576A6EF1A4EB7B445E34023660EE38093F81807A1E41F8BCDC8E5E752CC461C1DFDD0430FF505DD70A2313B59777F231EABCB1DFC920FCC782C0EBC89CDE011BAA2911A55BEA9FA17BD3385959E46A7FC75A33D3F2435D00BE9D89DC55D6B6BEBA8C3318271E1C285F9FD18BBF442C135353535B6B4B4ECEDE8E818D3604CFFB0BEDED0D0F0A56966D1589451EDFD11452335128E633183E928E949A0BEBE7E5A76504C36E338D24DD5F1BAB219469BA56B45636363F39C3973BAC66AC63166182318D315EC164B57341AA291091B8E4EDC3DF9661C67E5C331F6718C83636257A1E11E251D07BDE4F7618CA1176AF01D445353D3772FBEF8E25F4771704CE7C30F3FFCC7D8241D2B96A52A1A0DD148618D7693B24DD293B817D2D1998FBE88C7D8CF3C4E001EB388D9A6EBD8041D577A89030A1F7DF4D164E6CC993F955D85A64B2FD4EE3B882969FDAF6E6969D9B571E3C6EE4ACEC3B872E5CA256974BE133BB1DA2741341AA2919A0AC74A670A1DF4A217A6E44FC533C2A11726C8CA7045C4E3AC59B33A162D5AF4E1EBAFBFFE65FA4E6167EC1316BABBBB77C5B5A457AD5AF5DF77DE79E7F2F41DC6E7F1CD8F770B8E7A128D8668A4A654BA89D926697ED60BBDF1B8BF9258D40B13509C093E5D19E6F65E7B725B3A7A7ABFE1F1717B5C1B322EF5E3CCEDA2D1108D4C8A708C4B03BAD20B7A01108DA29149ECC2DE20BC7090C7770B460044A3688481661C6D920640348A46183410052300A25134C2A0E1D8261801108DA2110673611CC850E7B43A008846D10883E98D4600108DA211442300A2513482680440348A46108D0088464334221A01108D8668443402201A0DD188680440341AA211D1088068344423A2513402201A452388460044A36804D1088068148D201A01108D8668443402201A0DD188680440341AA211D1088068344423A21180496EF5EAD562AD38A3278DC6FDD64A44230085F3DA6BAFEDECE8E8106C05183B76ECF8CF341A3FB656221A01289C356BD65CB276EDDABF7CFBEDB7DDC2EDF0CD304630AE5AB5EACB745C61AD443402504869A85CDCDEDEFE4E6C1A8D7DEA8CAA8F58EE1F0B4644230000A2110000D108008068040000D108008068040040340200201A0100108D00008846000044230000A211000044230000A2110000D108008068040040340200201A0100108D000088460000108D00008846000044230000A2110000D108008068040040340200201A010040340200201A0100108D00008846000044230000A2110000D1088D8D8DBFAAAFAFBF2E5D679E4FC7D67474C5FA938E9E746C4B1F5B9A7EBC399E67690180686492993E7DFAA5E9684FC7BEDE481CCE78357D7E93A50700A29189BF6E4C49C3EF950A42B1BFB17EEAD4A9BFB6340140343201D5D7D74F6B6868F8733E001B1B1B93FBEEBB2F59B3664DF2D5575F25DF7FFF7D12F6EEDD9BECD8B123D9B06143D2D6D6965C79E595E5E1D865D611004423132F182F4E23EF403E16172F5E9C74747424C3D1D9D9597A7EBC2E1F8FE9E79C6DE9028068646204E3B47C30CE9B37AF34AB3812F1BA050B169487A3194700108DD4F8BA3025BF49BAB5B5B56F13F448C5A6EB850B17966FAA3EDDD20600D1488D4A8371557E8671B4C1980FC7B219C7F596360088466A509C5627BF0FE34837490FB6A93ABF8FA3CDD400201AA9CD686CCF822E0E62190F4B962C31DB0800A291A2C6603A7E37D873E20A2ED9C12F311BB867CF9E7189C638AABAEC743C537C870040345290EF6FEFE6E0F6FAFAFADFF6F79CDE4B03969EF7C0030F24E329CEE3988BC69B7D8700403452A068CC8DE5E5338FBDD7922E3DBE76EDDA718DC6380178EEFFF292EF100088468A198D7D338F593CA6FFDE9ADD3FD607C0948B2BC7E4FE1FDB7D8700403452E068CCCF3CA6A33BFBF7589D6667B0D3EFE4BE768FEF10004C9CA83026D1A886FCD7F313080050EC3705EFC435A6CF3DF7DC23E22A2D661A01004463BFB1987B8E7D1A0100446369BC19577DC9C762EE398E9E060098E4D178C8CC6239E7690400604871459834E0F657E38A304D4D4D075D110600A046B9F6340000C389C64BB3A08BD9C6B13E20263E5F4343C3C1DCC9C59B2C7500801A94C6DCAB59D4CD9B376FCC4EBF13A7D9993F7FFE81FC2CE360FB58020050EC689C928EDD59DCB5B6B68E3A1C2318172E5C98DF8FB16BFAF4E9A75BDA000035ACBEBE7E5A76504C36E338D24DD5F1BAB219469BA50100268A34EE66E5C331F6718C8363E2E8E7E11E251D07BDE4F7618C9106E92D962E00C00412338EE9E8CC475FC4639CC7314E001EB388D9A6EBD8041D577A8913773FFAE8A3C9CC99337F2ABB0A4D5CA67096A50A003001C53E8EF953F18C70ACB70F2300C0E488C72B7AE3717F25B118B38B8E9206009864E2CA31693CCEEDBD56F5B674F4F406627CDC1ED7928E4B03BAD20B00000000000000000000000000000000000000C0D8FB7F4C438FB860C7D5580000000049454E44AE426082, '1');
INSERT INTO `act_ge_bytearray` VALUES ('ce27089a-306a-11e6-8b94-50af736bcfa7', '56', 'source', null, 0x7B227265736F757263654964223A2263653230656531392D333036612D313165362D386239342D353061663733366263666137222C2270726F70657274696573223A7B2270726F636573735F6964223A227465737470726F63657373222C226E616D65223A22E6B58BE8AF95E6B581E7A88B222C22646F63756D656E746174696F6E223A22222C2270726F636573735F617574686F72223A22222C2270726F636573735F76657273696F6E223A22222C2270726F636573735F6E616D657370616365223A22687474703A2F2F7777772E61637469766974692E6F72672F70726F63657373646566222C22657865637574696F6E6C697374656E657273223A22222C226576656E746C697374656E657273223A22222C227369676E616C646566696E6974696F6E73223A22222C226D657373616765646566696E6974696F6E73223A22227D2C227374656E63696C223A7B226964223A2242504D4E4469616772616D227D2C226368696C64536861706573223A5B7B227265736F757263654964223A227369642D37414231343433442D373131392D343932392D423546322D453936423042343031383333222C2270726F70657274696573223A7B226F766572726964656964223A227374617274222C226E616D65223A22E5BC80E5A78B222C22646F63756D656E746174696F6E223A22222C22657865637574696F6E6C697374656E657273223A22222C22696E69746961746F72223A226170706C79557365724964222C22666F726D6B6579646566696E6974696F6E223A22222C22666F726D70726F70657274696573223A6E756C6C7D2C227374656E63696C223A7B226964223A2253746172744E6F6E654576656E74227D2C226368696C64536861706573223A5B5D2C226F7574676F696E67223A5B7B227265736F757263654964223A227369642D39463130394534452D344434442D344234442D424230362D453144323930304141414242227D5D2C22626F756E6473223A7B226C6F7765725269676874223A7B2278223A3132302C2279223A3130357D2C2275707065724C656674223A7B2278223A39302C2279223A37357D7D2C22646F636B657273223A5B5D7D2C7B227265736F757263654964223A227369642D36383430444342302D443738442D343031422D383145342D324338303246304443424237222C2270726F70657274696573223A7B226F766572726964656964223A226C65616465724C617374222C226E616D65223A22E9A286E5AFBCE5AEA1E689B9222C22646F63756D656E746174696F6E223A22222C226173796E6368726F6E6F7573646566696E6974696F6E223A2266616C7365222C226578636C7573697665646566696E6974696F6E223A747275652C22657865637574696F6E6C697374656E657273223A22222C226D756C7469696E7374616E63655F74797065223A224E6F6E65222C226D756C7469696E7374616E63655F63617264696E616C697479223A22222C226D756C7469696E7374616E63655F636F6C6C656374696F6E223A22222C226D756C7469696E7374616E63655F7661726961626C65223A22222C226D756C7469696E7374616E63655F636F6E646974696F6E223A22222C226973666F72636F6D70656E736174696F6E223A2266616C7365222C22757365727461736B61737369676E6D656E74223A7B2261737369676E6D656E74223A7B2261737369676E6565223A22222C2263616E64696461746547726F757073223A5B7B2276616C7565223A22E7B3BBE7BB9FE7AEA1E79086E59198222C222424686173684B6579223A22304234227D5D7D7D2C22666F726D6B6579646566696E6974696F6E223A22222C2264756564617465646566696E6974696F6E223A22222C227072696F72697479646566696E6974696F6E223A22222C22666F726D70726F70657274696573223A7B22666F726D50726F70657274696573223A5B7B226964223A226C65616465724C617374526573756C74222C226E616D65223A22E5AEA1E689B9E7BB93E69E9C222C2274797065223A22656E756D222C227265616461626C65223A747275652C227772697461626C65223A747275652C22656E756D56616C756573223A5B7B2276616C7565223A22796573222C222424686173684B6579223A22304830227D2C7B2276616C7565223A226E6F222C222424686173684B6579223A22304831227D5D2C227265717569726564223A747275657D2C7B226964223A226C65616465724C6173744F70696E696F6E222C226E616D65223A22E5AEA1E689B9E6848FE8A781222C2274797065223A22737472696E67222C227265616461626C65223A747275652C227772697461626C65223A747275652C227265717569726564223A747275657D5D7D2C227461736B6C697374656E657273223A22227D2C227374656E63696C223A7B226964223A22557365725461736B227D2C226368696C64536861706573223A5B5D2C226F7574676F696E67223A5B7B227265736F757263654964223A227369642D30423842413133332D373839312D343238462D414331422D453145453343463642324145227D5D2C22626F756E6473223A7B226C6F7765725269676874223A7B2278223A3332352C2279223A3133307D2C2275707065724C656674223A7B2278223A3232352C2279223A35307D7D2C22646F636B657273223A5B5D7D2C7B227265736F757263654964223A227369642D44414237394443462D423336462D344341372D394141332D323446333630323446343237222C2270726F70657274696573223A7B226F766572726964656964223A226578636C75736976656761746577617931222C226E616D65223A22222C22646F63756D656E746174696F6E223A22222C226173796E6368726F6E6F7573646566696E6974696F6E223A2266616C7365222C226578636C7573697665646566696E6974696F6E223A2266616C7365222C2273657175656E6365666C6F776F72646572223A22227D2C227374656E63696C223A7B226964223A224578636C757369766547617465776179227D2C226368696C64536861706573223A5B5D2C226F7574676F696E67223A5B7B227265736F757263654964223A227369642D44453841433030322D453642382D343243312D394441432D394230454331444131363231227D2C7B227265736F757263654964223A227369642D41313943304434342D464536452D344632322D414143372D384434383542364341344144227D5D2C22626F756E6473223A7B226C6F7765725269676874223A7B2278223A3530352C2279223A3131307D2C2275707065724C656674223A7B2278223A3436352C2279223A37307D7D2C22646F636B657273223A5B5D7D2C7B227265736F757263654964223A227369642D32313244353744422D313634322D343333362D383241322D324435373538443346323542222C2270726F70657274696573223A7B226F766572726964656964223A22656E64222C226E616D65223A22E5AE8CE68890222C22646F63756D656E746174696F6E223A22222C22657865637574696F6E6C697374656E657273223A22227D2C227374656E63696C223A7B226964223A22456E644E6F6E654576656E74227D2C226368696C64536861706573223A5B5D2C226F7574676F696E67223A5B5D2C22626F756E6473223A7B226C6F7765725269676874223A7B2278223A3634332C2279223A3130347D2C2275707065724C656674223A7B2278223A3631352C2279223A37367D7D2C22646F636B657273223A5B5D7D2C7B227265736F757263654964223A227369642D46364441383835372D354146422D344443412D383332442D323544374541423142443130222C2270726F70657274696573223A7B226F766572726964656964223A22656E646E6F222C226E616D65223A22E98080E58D95E585B3E997AD222C22646F63756D656E746174696F6E223A22222C22657865637574696F6E6C697374656E657273223A22227D2C227374656E63696C223A7B226964223A22456E644E6F6E654576656E74227D2C226368696C64536861706573223A5B5D2C226F7574676F696E67223A5B5D2C22626F756E6473223A7B226C6F7765725269676874223A7B2278223A3634332C2279223A3139337D2C2275707065724C656674223A7B2278223A3631352C2279223A3136357D7D2C22646F636B657273223A5B5D7D2C7B227265736F757263654964223A227369642D41313943304434342D464536452D344632322D414143372D384434383542364341344144222C2270726F70657274696573223A7B226F766572726964656964223A22666C6F7734222C226E616D65223A22E4B88DE5908CE6848F222C22646F63756D656E746174696F6E223A22222C22636F6E646974696F6E73657175656E6365666C6F77223A22247B6C65616465724C617374526573756C743D3D20276E6F277D222C22657865637574696F6E6C697374656E657273223A22222C2264656661756C74666C6F77223A2266616C7365227D2C227374656E63696C223A7B226964223A2253657175656E6365466C6F77227D2C226368696C64536861706573223A5B5D2C226F7574676F696E67223A5B7B227265736F757263654964223A227369642D46364441383835372D354146422D344443412D383332442D323544374541423142443130227D5D2C22626F756E6473223A7B226C6F7765725269676874223A7B2278223A3631342E3534363837352C2279223A3137397D2C2275707065724C656674223A7B2278223A3438352E352C2279223A3131302E3835393337357D7D2C22646F636B657273223A5B7B2278223A32302E352C2279223A32302E357D2C7B2278223A3438352E352C2279223A3137397D2C7B2278223A31342C2279223A31347D5D2C22746172676574223A7B227265736F757263654964223A227369642D46364441383835372D354146422D344443412D383332442D323544374541423142443130227D7D2C7B227265736F757263654964223A227369642D44453841433030322D453642382D343243312D394441432D394230454331444131363231222C2270726F70657274696573223A7B226F766572726964656964223A22666C6F7733222C226E616D65223A22E5908CE6848F222C22646F63756D656E746174696F6E223A22222C22636F6E646974696F6E73657175656E6365666C6F77223A22247B6C65616465724C617374526573756C743D3D2027796573277D222C22657865637574696F6E6C697374656E657273223A22222C2264656661756C74666C6F77223A2266616C7365227D2C227374656E63696C223A7B226964223A2253657175656E6365466C6F77227D2C226368696C64536861706573223A5B5D2C226F7574676F696E67223A5B7B227265736F757263654964223A227369642D32313244353744422D313634322D343333362D383241322D324435373538443346323542227D5D2C22626F756E6473223A7B226C6F7765725269676874223A7B2278223A3631342E353436383831303730313839362C2279223A39302E3433303130393435303539337D2C2275707065724C656674223A7B2278223A3530352E353538353837363739383130342C2279223A39302E3035303335393239393430377D7D2C22646F636B657273223A5B7B2278223A32302E352C2279223A32302E357D2C7B2278223A31342C2279223A31347D5D2C22746172676574223A7B227265736F757263654964223A227369642D32313244353744422D313634322D343333362D383241322D324435373538443346323542227D7D2C7B227265736F757263654964223A227369642D39463130394534452D344434442D344234442D424230362D453144323930304141414242222C2270726F70657274696573223A7B226F766572726964656964223A22666C6F7731222C226E616D65223A22222C22646F63756D656E746174696F6E223A22222C22636F6E646974696F6E73657175656E6365666C6F77223A22222C22657865637574696F6E6C697374656E657273223A22222C2264656661756C74666C6F77223A2266616C7365227D2C227374656E63696C223A7B226964223A2253657175656E6365466C6F77227D2C226368696C64536861706573223A5B5D2C226F7574676F696E67223A5B7B227265736F757263654964223A227369642D36383430444342302D443738442D343031422D383145342D324338303246304443424237227D5D2C22626F756E6473223A7B226C6F7765725269676874223A7B2278223A3232342E3835393337352C2279223A39307D2C2275707065724C656674223A7B2278223A3132302E3630393337352C2279223A39307D7D2C22646F636B657273223A5B7B2278223A31352C2279223A31357D2C7B2278223A35302C2279223A34307D5D2C22746172676574223A7B227265736F757263654964223A227369642D36383430444342302D443738442D343031422D383145342D324338303246304443424237227D7D2C7B227265736F757263654964223A227369642D30423842413133332D373839312D343238462D414331422D453145453343463642324145222C2270726F70657274696573223A7B226F766572726964656964223A22666C6F7732222C226E616D65223A22222C22646F63756D656E746174696F6E223A22222C22636F6E646974696F6E73657175656E6365666C6F77223A22222C22657865637574696F6E6C697374656E657273223A22222C2264656661756C74666C6F77223A2266616C7365227D2C227374656E63696C223A7B226964223A2253657175656E6365466C6F77227D2C226368696C64536861706573223A5B5D2C226F7574676F696E67223A5B7B227265736F757263654964223A227369642D44414237394443462D423336462D344341372D394141332D323446333630323446343237227D5D2C22626F756E6473223A7B226C6F7765725269676874223A7B2278223A3436342E37363536323738323130303537352C2279223A39302E34353037343937303937383836317D2C2275707065724C656674223A7B2278223A3332352E33333539333436373839393432352C2279223A39302E31313935363237393032313133397D7D2C22646F636B657273223A5B7B2278223A35302C2279223A34307D2C7B2278223A32302E352C2279223A32302E357D5D2C22746172676574223A7B227265736F757263654964223A227369642D44414237394443462D423336462D344341372D394141332D323446333630323446343237227D7D5D2C22626F756E6473223A7B226C6F7765725269676874223A7B2278223A313230302C2279223A313035307D2C2275707065724C656674223A7B2278223A302C2279223A307D7D2C227374656E63696C736574223A7B2275726C223A227374656E63696C736574732F62706D6E322E302F62706D6E322E302E6A736F6E222C226E616D657370616365223A22687474703A2F2F62336D6E2E6F72672F7374656E63696C7365742F62706D6E322E3023227D2C227373657874656E73696F6E73223A5B5D7D, null);

-- ----------------------------
-- Table structure for `act_ge_property`
-- ----------------------------
DROP TABLE IF EXISTS `act_ge_property`;
CREATE TABLE `act_ge_property` (
  `NAME_` varchar(64) COLLATE utf8_bin NOT NULL DEFAULT '',
  `VALUE_` varchar(300) COLLATE utf8_bin DEFAULT NULL,
  `REV_` int(11) DEFAULT NULL,
  PRIMARY KEY (`NAME_`)
) ENGINE=InnoDB DEFAULT CHARSET=utf8 COLLATE=utf8_bin;

-- ----------------------------
-- Records of act_ge_property
-- ----------------------------
INSERT INTO `act_ge_property` VALUES ('next.dbid', '1', '1');
INSERT INTO `act_ge_property` VALUES ('schema.history', 'create(5.18.0.1)', '1');
INSERT INTO `act_ge_property` VALUES ('schema.version', '5.18.0.1', '1');

-- ----------------------------
-- Table structure for `act_hi_actinst`
-- ----------------------------
DROP TABLE IF EXISTS `act_hi_actinst`;
CREATE TABLE `act_hi_actinst` (
  `ID_` varchar(64) COLLATE utf8_bin NOT NULL,
  `PROC_DEF_ID_` varchar(64) COLLATE utf8_bin NOT NULL,
  `PROC_INST_ID_` varchar(64) COLLATE utf8_bin NOT NULL,
  `EXECUTION_ID_` varchar(64) COLLATE utf8_bin NOT NULL,
  `ACT_ID_` varchar(255) COLLATE utf8_bin NOT NULL,
  `TASK_ID_` varchar(64) COLLATE utf8_bin DEFAULT NULL,
  `CALL_PROC_INST_ID_` varchar(64) COLLATE utf8_bin DEFAULT NULL,
  `ACT_NAME_` varchar(255) COLLATE utf8_bin DEFAULT NULL,
  `ACT_TYPE_` varchar(255) COLLATE utf8_bin NOT NULL,
  `ASSIGNEE_` varchar(255) COLLATE utf8_bin DEFAULT NULL,
  `START_TIME_` datetime(3) NOT NULL,
  `END_TIME_` datetime(3) DEFAULT NULL,
  `DURATION_` bigint(20) DEFAULT NULL,
  `TENANT_ID_` varchar(255) COLLATE utf8_bin DEFAULT '',
  PRIMARY KEY (`ID_`),
  KEY `ACT_IDX_HI_ACT_INST_START` (`START_TIME_`),
  KEY `ACT_IDX_HI_ACT_INST_END` (`END_TIME_`),
  KEY `ACT_IDX_HI_ACT_INST_PROCINST` (`PROC_INST_ID_`,`ACT_ID_`),
  KEY `ACT_IDX_HI_ACT_INST_EXEC` (`EXECUTION_ID_`,`ACT_ID_`)
) ENGINE=InnoDB DEFAULT CHARSET=utf8 COLLATE=utf8_bin;

-- ----------------------------
-- Records of act_hi_actinst
-- ----------------------------
INSERT INTO `act_hi_actinst` VALUES ('49662780-90e9-11e6-b3b4-50af736bcfa7', 'testprocess:1:92a175b9-905a-11e6-87e6-50af736bcfa7', 'bde73913-90e0-11e6-848a-50af736bcfa7', 'bde73913-90e0-11e6-848a-50af736bcfa7', 'exclusivegateway1', null, null, null, 'exclusiveGateway', null, '2016-10-13 10:03:51.460', '2016-10-13 10:03:51.473', '13', '');
INSERT INTO `act_hi_actinst` VALUES ('49684a61-90e9-11e6-b3b4-50af736bcfa7', 'testprocess:1:92a175b9-905a-11e6-87e6-50af736bcfa7', 'bde73913-90e0-11e6-848a-50af736bcfa7', 'bde73913-90e0-11e6-848a-50af736bcfa7', 'end', null, null, '', 'endEvent', null, '2016-10-13 10:03:51.473', '2016-10-13 10:03:51.473', '0', '');
INSERT INTO `act_hi_actinst` VALUES ('bde87195-90e0-11e6-848a-50af736bcfa7', 'testprocess:1:92a175b9-905a-11e6-87e6-50af736bcfa7', 'bde73913-90e0-11e6-848a-50af736bcfa7', 'bde73913-90e0-11e6-848a-50af736bcfa7', 'start', null, null, '', 'startEvent', 'superman', '2016-10-13 09:02:41.458', '2016-10-13 09:02:41.473', '15', '');
INSERT INTO `act_hi_actinst` VALUES ('bdeae296-90e0-11e6-848a-50af736bcfa7', 'testprocess:1:92a175b9-905a-11e6-87e6-50af736bcfa7', 'bde73913-90e0-11e6-848a-50af736bcfa7', 'bde73913-90e0-11e6-848a-50af736bcfa7', 'leaderLast', 'bdeae297-90e0-11e6-848a-50af736bcfa7', null, '', 'userTask', 'superman', '2016-10-13 09:02:41.474', '2016-10-13 10:03:51.459', '3669985', '');

-- ----------------------------
-- Table structure for `act_hi_attachment`
-- ----------------------------
DROP TABLE IF EXISTS `act_hi_attachment`;
CREATE TABLE `act_hi_attachment` (
  `ID_` varchar(64) COLLATE utf8_bin NOT NULL,
  `REV_` int(11) DEFAULT NULL,
  `USER_ID_` varchar(255) COLLATE utf8_bin DEFAULT NULL,
  `NAME_` varchar(255) COLLATE utf8_bin DEFAULT NULL,
  `DESCRIPTION_` varchar(4000) COLLATE utf8_bin DEFAULT NULL,
  `TYPE_` varchar(255) COLLATE utf8_bin DEFAULT NULL,
  `TASK_ID_` varchar(64) COLLATE utf8_bin DEFAULT NULL,
  `PROC_INST_ID_` varchar(64) COLLATE utf8_bin DEFAULT NULL,
  `URL_` varchar(4000) COLLATE utf8_bin DEFAULT NULL,
  `CONTENT_ID_` varchar(64) COLLATE utf8_bin DEFAULT NULL,
  `TIME_` datetime(3) DEFAULT NULL,
  PRIMARY KEY (`ID_`)
) ENGINE=InnoDB DEFAULT CHARSET=utf8 COLLATE=utf8_bin;

-- ----------------------------
-- Records of act_hi_attachment
-- ----------------------------

-- ----------------------------
-- Table structure for `act_hi_comment`
-- ----------------------------
DROP TABLE IF EXISTS `act_hi_comment`;
CREATE TABLE `act_hi_comment` (
  `ID_` varchar(64) COLLATE utf8_bin NOT NULL,
  `TYPE_` varchar(255) COLLATE utf8_bin DEFAULT NULL,
  `TIME_` datetime(3) NOT NULL,
  `USER_ID_` varchar(255) COLLATE utf8_bin DEFAULT NULL,
  `TASK_ID_` varchar(64) COLLATE utf8_bin DEFAULT NULL,
  `PROC_INST_ID_` varchar(64) COLLATE utf8_bin DEFAULT NULL,
  `ACTION_` varchar(255) COLLATE utf8_bin DEFAULT NULL,
  `MESSAGE_` varchar(4000) COLLATE utf8_bin DEFAULT NULL,
  `FULL_MSG_` longblob,
  PRIMARY KEY (`ID_`)
) ENGINE=InnoDB DEFAULT CHARSET=utf8 COLLATE=utf8_bin;

-- ----------------------------
-- Records of act_hi_comment
-- ----------------------------

-- ----------------------------
-- Table structure for `act_hi_detail`
-- ----------------------------
DROP TABLE IF EXISTS `act_hi_detail`;
CREATE TABLE `act_hi_detail` (
  `ID_` varchar(64) COLLATE utf8_bin NOT NULL,
  `TYPE_` varchar(255) COLLATE utf8_bin NOT NULL,
  `PROC_INST_ID_` varchar(64) COLLATE utf8_bin DEFAULT NULL,
  `EXECUTION_ID_` varchar(64) COLLATE utf8_bin DEFAULT NULL,
  `TASK_ID_` varchar(64) COLLATE utf8_bin DEFAULT NULL,
  `ACT_INST_ID_` varchar(64) COLLATE utf8_bin DEFAULT NULL,
  `NAME_` varchar(255) COLLATE utf8_bin NOT NULL,
  `VAR_TYPE_` varchar(255) COLLATE utf8_bin DEFAULT NULL,
  `REV_` int(11) DEFAULT NULL,
  `TIME_` datetime(3) NOT NULL,
  `BYTEARRAY_ID_` varchar(64) COLLATE utf8_bin DEFAULT NULL,
  `DOUBLE_` double DEFAULT NULL,
  `LONG_` bigint(20) DEFAULT NULL,
  `TEXT_` varchar(4000) COLLATE utf8_bin DEFAULT NULL,
  `TEXT2_` varchar(4000) COLLATE utf8_bin DEFAULT NULL,
  PRIMARY KEY (`ID_`),
  KEY `ACT_IDX_HI_DETAIL_PROC_INST` (`PROC_INST_ID_`),
  KEY `ACT_IDX_HI_DETAIL_ACT_INST` (`ACT_INST_ID_`),
  KEY `ACT_IDX_HI_DETAIL_TIME` (`TIME_`),
  KEY `ACT_IDX_HI_DETAIL_NAME` (`NAME_`),
  KEY `ACT_IDX_HI_DETAIL_TASK_ID` (`TASK_ID_`)
) ENGINE=InnoDB DEFAULT CHARSET=utf8 COLLATE=utf8_bin;

-- ----------------------------
-- Records of act_hi_detail
-- ----------------------------

-- ----------------------------
-- Table structure for `act_hi_identitylink`
-- ----------------------------
DROP TABLE IF EXISTS `act_hi_identitylink`;
CREATE TABLE `act_hi_identitylink` (
  `ID_` varchar(64) COLLATE utf8_bin NOT NULL DEFAULT '',
  `GROUP_ID_` varchar(255) COLLATE utf8_bin DEFAULT NULL,
  `TYPE_` varchar(255) COLLATE utf8_bin DEFAULT NULL,
  `USER_ID_` varchar(255) COLLATE utf8_bin DEFAULT NULL,
  `TASK_ID_` varchar(64) COLLATE utf8_bin DEFAULT NULL,
  `PROC_INST_ID_` varchar(64) COLLATE utf8_bin DEFAULT NULL,
  PRIMARY KEY (`ID_`),
  KEY `ACT_IDX_HI_IDENT_LNK_USER` (`USER_ID_`),
  KEY `ACT_IDX_HI_IDENT_LNK_TASK` (`TASK_ID_`),
  KEY `ACT_IDX_HI_IDENT_LNK_PROCINST` (`PROC_INST_ID_`)
) ENGINE=InnoDB DEFAULT CHARSET=utf8 COLLATE=utf8_bin;

-- ----------------------------
-- Records of act_hi_identitylink
-- ----------------------------
INSERT INTO `act_hi_identitylink` VALUES ('bdeb7ed8-90e0-11e6-848a-50af736bcfa7', '', 'candidate', null, 'bdeae297-90e0-11e6-848a-50af736bcfa7', null);
INSERT INTO `act_hi_identitylink` VALUES ('bee87c79-90e0-11e6-848a-50af736bcfa7', null, 'participant', 'superman', null, 'bde73913-90e0-11e6-848a-50af736bcfa7');

-- ----------------------------
-- Table structure for `act_hi_procinst`
-- ----------------------------
DROP TABLE IF EXISTS `act_hi_procinst`;
CREATE TABLE `act_hi_procinst` (
  `ID_` varchar(64) COLLATE utf8_bin NOT NULL,
  `PROC_INST_ID_` varchar(64) COLLATE utf8_bin NOT NULL,
  `BUSINESS_KEY_` varchar(255) COLLATE utf8_bin DEFAULT NULL,
  `PROC_DEF_ID_` varchar(64) COLLATE utf8_bin NOT NULL,
  `START_TIME_` datetime(3) NOT NULL,
  `END_TIME_` datetime(3) DEFAULT NULL,
  `DURATION_` bigint(20) DEFAULT NULL,
  `START_USER_ID_` varchar(255) COLLATE utf8_bin DEFAULT NULL,
  `START_ACT_ID_` varchar(255) COLLATE utf8_bin DEFAULT NULL,
  `END_ACT_ID_` varchar(255) COLLATE utf8_bin DEFAULT NULL,
  `SUPER_PROCESS_INSTANCE_ID_` varchar(64) COLLATE utf8_bin DEFAULT NULL,
  `DELETE_REASON_` varchar(4000) COLLATE utf8_bin DEFAULT NULL,
  `TENANT_ID_` varchar(255) COLLATE utf8_bin DEFAULT '',
  `NAME_` varchar(255) COLLATE utf8_bin DEFAULT NULL,
  PRIMARY KEY (`ID_`),
  UNIQUE KEY `PROC_INST_ID_` (`PROC_INST_ID_`),
  KEY `ACT_IDX_HI_PRO_INST_END` (`END_TIME_`),
  KEY `ACT_IDX_HI_PRO_I_BUSKEY` (`BUSINESS_KEY_`)
) ENGINE=InnoDB DEFAULT CHARSET=utf8 COLLATE=utf8_bin;

-- ----------------------------
-- Records of act_hi_procinst
-- ----------------------------
INSERT INTO `act_hi_procinst` VALUES ('bde73913-90e0-11e6-848a-50af736bcfa7', 'bde73913-90e0-11e6-848a-50af736bcfa7', null, 'testprocess:1:92a175b9-905a-11e6-87e6-50af736bcfa7', '2016-10-13 09:02:41.458', '2016-10-13 10:03:51.475', '3670017', null, 'start', 'end', null, null, '', null);

-- ----------------------------
-- Table structure for `act_hi_taskinst`
-- ----------------------------
DROP TABLE IF EXISTS `act_hi_taskinst`;
CREATE TABLE `act_hi_taskinst` (
  `ID_` varchar(64) COLLATE utf8_bin NOT NULL,
  `PROC_DEF_ID_` varchar(64) COLLATE utf8_bin DEFAULT NULL,
  `TASK_DEF_KEY_` varchar(255) COLLATE utf8_bin DEFAULT NULL,
  `PROC_INST_ID_` varchar(64) COLLATE utf8_bin DEFAULT NULL,
  `EXECUTION_ID_` varchar(64) COLLATE utf8_bin DEFAULT NULL,
  `NAME_` varchar(255) COLLATE utf8_bin DEFAULT NULL,
  `PARENT_TASK_ID_` varchar(64) COLLATE utf8_bin DEFAULT NULL,
  `DESCRIPTION_` varchar(4000) COLLATE utf8_bin DEFAULT NULL,
  `OWNER_` varchar(255) COLLATE utf8_bin DEFAULT NULL,
  `ASSIGNEE_` varchar(255) COLLATE utf8_bin DEFAULT NULL,
  `START_TIME_` datetime(3) NOT NULL,
  `CLAIM_TIME_` datetime(3) DEFAULT NULL,
  `END_TIME_` datetime(3) DEFAULT NULL,
  `DURATION_` bigint(20) DEFAULT NULL,
  `DELETE_REASON_` varchar(4000) COLLATE utf8_bin DEFAULT NULL,
  `PRIORITY_` int(11) DEFAULT NULL,
  `DUE_DATE_` datetime(3) DEFAULT NULL,
  `FORM_KEY_` varchar(255) COLLATE utf8_bin DEFAULT NULL,
  `CATEGORY_` varchar(255) COLLATE utf8_bin DEFAULT NULL,
  `TENANT_ID_` varchar(255) COLLATE utf8_bin DEFAULT '',
  PRIMARY KEY (`ID_`),
  KEY `ACT_IDX_HI_TASK_INST_PROCINST` (`PROC_INST_ID_`)
) ENGINE=InnoDB DEFAULT CHARSET=utf8 COLLATE=utf8_bin;

-- ----------------------------
-- Records of act_hi_taskinst
-- ----------------------------
INSERT INTO `act_hi_taskinst` VALUES ('bdeae297-90e0-11e6-848a-50af736bcfa7', 'testprocess:1:92a175b9-905a-11e6-87e6-50af736bcfa7', 'leaderLast', 'bde73913-90e0-11e6-848a-50af736bcfa7', 'bde73913-90e0-11e6-848a-50af736bcfa7', '', null, null, null, 'superman', '2016-10-13 09:02:41.474', '2016-10-13 09:02:43.156', '2016-10-13 10:03:51.385', '3669911', 'completed', '50', null, null, null, '');

-- ----------------------------
-- Table structure for `act_hi_varinst`
-- ----------------------------
DROP TABLE IF EXISTS `act_hi_varinst`;
CREATE TABLE `act_hi_varinst` (
  `ID_` varchar(64) COLLATE utf8_bin NOT NULL,
  `PROC_INST_ID_` varchar(64) COLLATE utf8_bin DEFAULT NULL,
  `EXECUTION_ID_` varchar(64) COLLATE utf8_bin DEFAULT NULL,
  `TASK_ID_` varchar(64) COLLATE utf8_bin DEFAULT NULL,
  `NAME_` varchar(255) COLLATE utf8_bin NOT NULL,
  `VAR_TYPE_` varchar(100) COLLATE utf8_bin DEFAULT NULL,
  `REV_` int(11) DEFAULT NULL,
  `BYTEARRAY_ID_` varchar(64) COLLATE utf8_bin DEFAULT NULL,
  `DOUBLE_` double DEFAULT NULL,
  `LONG_` bigint(20) DEFAULT NULL,
  `TEXT_` varchar(4000) COLLATE utf8_bin DEFAULT NULL,
  `TEXT2_` varchar(4000) COLLATE utf8_bin DEFAULT NULL,
  `CREATE_TIME_` datetime(3) DEFAULT NULL,
  `LAST_UPDATED_TIME_` datetime(3) DEFAULT NULL,
  PRIMARY KEY (`ID_`),
  KEY `ACT_IDX_HI_PROCVAR_PROC_INST` (`PROC_INST_ID_`),
  KEY `ACT_IDX_HI_PROCVAR_NAME_TYPE` (`NAME_`,`VAR_TYPE_`),
  KEY `ACT_IDX_HI_PROCVAR_TASK_ID` (`TASK_ID_`)
) ENGINE=InnoDB DEFAULT CHARSET=utf8 COLLATE=utf8_bin;

-- ----------------------------
-- Records of act_hi_varinst
-- ----------------------------
INSERT INTO `act_hi_varinst` VALUES ('48c7c49e-90e9-11e6-b3b4-50af736bcfa7', 'bde73913-90e0-11e6-848a-50af736bcfa7', 'bde73913-90e0-11e6-848a-50af736bcfa7', null, 'leaderLastResult', 'string', '0', null, null, null, 'yes', null, '2016-10-13 10:03:50.423', '2016-10-13 10:03:51.476');
INSERT INTO `act_hi_varinst` VALUES ('48c839cf-90e9-11e6-b3b4-50af736bcfa7', 'bde73913-90e0-11e6-848a-50af736bcfa7', 'bde73913-90e0-11e6-848a-50af736bcfa7', null, 'leaderLastOpinion', 'string', '0', null, null, null, '', null, '2016-10-13 10:03:50.424', '2016-10-13 10:03:51.476');
INSERT INTO `act_hi_varinst` VALUES ('bde7ae44-90e0-11e6-848a-50af736bcfa7', 'bde73913-90e0-11e6-848a-50af736bcfa7', 'bde73913-90e0-11e6-848a-50af736bcfa7', null, 'applyUserId', 'string', '1', null, null, null, 'superman', null, '2016-10-13 09:02:41.457', '2016-10-13 10:03:51.476');

-- ----------------------------
-- Table structure for `act_id_group`
-- ----------------------------
DROP TABLE IF EXISTS `act_id_group`;
CREATE TABLE `act_id_group` (
  `ID_` varchar(64) COLLATE utf8_bin NOT NULL DEFAULT '',
  `REV_` int(11) DEFAULT NULL,
  `NAME_` varchar(255) COLLATE utf8_bin DEFAULT NULL,
  `TYPE_` varchar(255) COLLATE utf8_bin DEFAULT NULL,
  PRIMARY KEY (`ID_`)
) ENGINE=InnoDB DEFAULT CHARSET=utf8 COLLATE=utf8_bin;

-- ----------------------------
-- Records of act_id_group
-- ----------------------------
INSERT INTO `act_id_group` VALUES ('', null, null, null);
INSERT INTO `act_id_group` VALUES ('', null, null, null);
INSERT INTO `act_id_group` VALUES ('', null, null, null);

-- ----------------------------
-- Table structure for `act_id_info`
-- ----------------------------
DROP TABLE IF EXISTS `act_id_info`;
CREATE TABLE `act_id_info` (
  `ID_` varchar(64) COLLATE utf8_bin NOT NULL DEFAULT '',
  `REV_` int(11) DEFAULT NULL,
  `USER_ID_` varchar(64) COLLATE utf8_bin DEFAULT NULL,
  `TYPE_` varchar(64) COLLATE utf8_bin DEFAULT NULL,
  `KEY_` varchar(255) COLLATE utf8_bin DEFAULT NULL,
  `VALUE_` varchar(255) COLLATE utf8_bin DEFAULT NULL,
  `PASSWORD_` longblob,
  `PARENT_ID_` varchar(255) COLLATE utf8_bin DEFAULT NULL,
  PRIMARY KEY (`ID_`)
) ENGINE=InnoDB DEFAULT CHARSET=utf8 COLLATE=utf8_bin;

-- ----------------------------
-- Records of act_id_info
-- ----------------------------

-- ----------------------------
-- Table structure for `act_id_membership`
-- ----------------------------
DROP TABLE IF EXISTS `act_id_membership`;
CREATE TABLE `act_id_membership` (
  `USER_ID_` varchar(64) COLLATE utf8_bin NOT NULL DEFAULT '',
  `GROUP_ID_` varchar(64) COLLATE utf8_bin NOT NULL DEFAULT '',
  PRIMARY KEY (`USER_ID_`,`GROUP_ID_`),
  KEY `ACT_FK_MEMB_GROUP` (`GROUP_ID_`),
  CONSTRAINT `ACT_FK_MEMB_GROUP` FOREIGN KEY (`GROUP_ID_`) REFERENCES `act_id_group` (`ID_`),
  CONSTRAINT `ACT_FK_MEMB_USER` FOREIGN KEY (`USER_ID_`) REFERENCES `act_id_user` (`ID_`)
) ENGINE=InnoDB DEFAULT CHARSET=utf8 COLLATE=utf8_bin;

-- ----------------------------
-- Records of act_id_membership
-- ----------------------------
INSERT INTO `act_id_membership` VALUES ('user', '');
INSERT INTO `act_id_membership` VALUES ('admin', '');
INSERT INTO `act_id_membership` VALUES ('superman', '');

-- ----------------------------
-- Table structure for `act_id_user`
-- ----------------------------
DROP TABLE IF EXISTS `act_id_user`;
CREATE TABLE `act_id_user` (
  `ID_` varchar(64) COLLATE utf8_bin NOT NULL DEFAULT '',
  `REV_` int(11) DEFAULT NULL,
  `FIRST_` varchar(255) COLLATE utf8_bin DEFAULT NULL,
  `LAST_` varchar(255) COLLATE utf8_bin DEFAULT NULL,
  `EMAIL_` varchar(255) COLLATE utf8_bin DEFAULT NULL,
  `PWD_` varchar(255) COLLATE utf8_bin DEFAULT NULL,
  `PICTURE_ID_` varchar(64) COLLATE utf8_bin DEFAULT NULL,
  PRIMARY KEY (`ID_`)
) ENGINE=InnoDB DEFAULT CHARSET=utf8 COLLATE=utf8_bin;

-- ----------------------------
-- Records of act_id_user
-- ----------------------------
INSERT INTO `act_id_user` VALUES ('admin', null, null, null, null, null, null);
INSERT INTO `act_id_user` VALUES ('superman', null, null, null, null, null, null);
INSERT INTO `act_id_user` VALUES ('user', null, null, null, null, null, null);

-- ----------------------------
-- Table structure for `act_procdef_info`
-- ----------------------------
DROP TABLE IF EXISTS `act_procdef_info`;
CREATE TABLE `act_procdef_info` (
  `ID_` varchar(64) COLLATE utf8_bin NOT NULL,
  `PROC_DEF_ID_` varchar(64) COLLATE utf8_bin NOT NULL,
  `REV_` int(11) DEFAULT NULL,
  `INFO_JSON_ID_` varchar(64) COLLATE utf8_bin DEFAULT NULL,
  PRIMARY KEY (`ID_`),
  UNIQUE KEY `ACT_UNIQ_INFO_PROCDEF` (`PROC_DEF_ID_`),
  KEY `ACT_IDX_INFO_PROCDEF` (`PROC_DEF_ID_`),
  KEY `ACT_FK_INFO_JSON_BA` (`INFO_JSON_ID_`),
  CONSTRAINT `ACT_FK_INFO_JSON_BA` FOREIGN KEY (`INFO_JSON_ID_`) REFERENCES `act_ge_bytearray` (`ID_`),
  CONSTRAINT `ACT_FK_INFO_PROCDEF` FOREIGN KEY (`PROC_DEF_ID_`) REFERENCES `act_re_procdef` (`ID_`)
) ENGINE=InnoDB DEFAULT CHARSET=utf8 COLLATE=utf8_bin;

-- ----------------------------
-- Records of act_procdef_info
-- ----------------------------

-- ----------------------------
-- Table structure for `act_re_deployment`
-- ----------------------------
DROP TABLE IF EXISTS `act_re_deployment`;
CREATE TABLE `act_re_deployment` (
  `ID_` varchar(64) COLLATE utf8_bin NOT NULL DEFAULT '',
  `NAME_` varchar(255) COLLATE utf8_bin DEFAULT NULL,
  `CATEGORY_` varchar(255) COLLATE utf8_bin DEFAULT NULL,
  `TENANT_ID_` varchar(255) COLLATE utf8_bin DEFAULT '',
  `DEPLOY_TIME_` timestamp(3) NOT NULL DEFAULT CURRENT_TIMESTAMP(3) ON UPDATE CURRENT_TIMESTAMP(3),
  PRIMARY KEY (`ID_`)
) ENGINE=InnoDB DEFAULT CHARSET=utf8 COLLATE=utf8_bin;

-- ----------------------------
-- Records of act_re_deployment
-- ----------------------------
INSERT INTO `act_re_deployment` VALUES ('923d5cb6-905a-11e6-87e6-50af736bcfa7', null, null, '', '2016-10-12 17:02:15.633');

-- ----------------------------
-- Table structure for `act_re_model`
-- ----------------------------
DROP TABLE IF EXISTS `act_re_model`;
CREATE TABLE `act_re_model` (
  `ID_` varchar(64) COLLATE utf8_bin NOT NULL,
  `REV_` int(11) DEFAULT NULL,
  `NAME_` varchar(255) COLLATE utf8_bin DEFAULT NULL,
  `KEY_` varchar(255) COLLATE utf8_bin DEFAULT NULL,
  `CATEGORY_` varchar(255) COLLATE utf8_bin DEFAULT NULL,
  `CREATE_TIME_` timestamp(3) NULL DEFAULT NULL,
  `LAST_UPDATE_TIME_` timestamp(3) NULL DEFAULT NULL,
  `VERSION_` int(11) DEFAULT NULL,
  `META_INFO_` varchar(4000) COLLATE utf8_bin DEFAULT NULL,
  `DEPLOYMENT_ID_` varchar(64) COLLATE utf8_bin DEFAULT NULL,
  `EDITOR_SOURCE_VALUE_ID_` varchar(64) COLLATE utf8_bin DEFAULT NULL,
  `EDITOR_SOURCE_EXTRA_VALUE_ID_` varchar(64) COLLATE utf8_bin DEFAULT NULL,
  `TENANT_ID_` varchar(255) COLLATE utf8_bin DEFAULT '',
  PRIMARY KEY (`ID_`),
  KEY `ACT_FK_MODEL_SOURCE` (`EDITOR_SOURCE_VALUE_ID_`),
  KEY `ACT_FK_MODEL_SOURCE_EXTRA` (`EDITOR_SOURCE_EXTRA_VALUE_ID_`),
  KEY `ACT_FK_MODEL_DEPLOYMENT` (`DEPLOYMENT_ID_`),
  CONSTRAINT `ACT_FK_MODEL_DEPLOYMENT` FOREIGN KEY (`DEPLOYMENT_ID_`) REFERENCES `act_re_deployment` (`ID_`),
  CONSTRAINT `ACT_FK_MODEL_SOURCE` FOREIGN KEY (`EDITOR_SOURCE_VALUE_ID_`) REFERENCES `act_ge_bytearray` (`ID_`),
  CONSTRAINT `ACT_FK_MODEL_SOURCE_EXTRA` FOREIGN KEY (`EDITOR_SOURCE_EXTRA_VALUE_ID_`) REFERENCES `act_ge_bytearray` (`ID_`)
) ENGINE=InnoDB DEFAULT CHARSET=utf8 COLLATE=utf8_bin;

-- ----------------------------
-- Records of act_re_model
-- ----------------------------
INSERT INTO `act_re_model` VALUES ('ce20ee19-306a-11e6-8b94-50af736bcfa7', '135', 'test', 'TEST', null, '2016-06-12 14:56:36.430', '2016-10-18 15:24:41.887', '1', '{\"name\":\"test\",\"description\":\"\"}', null, 'ce27089a-306a-11e6-8b94-50af736bcfa7', '1b7df6cb-306c-11e6-8b94-50af736bcfa7', '');

-- ----------------------------
-- Table structure for `act_re_procdef`
-- ----------------------------
DROP TABLE IF EXISTS `act_re_procdef`;
CREATE TABLE `act_re_procdef` (
  `ID_` varchar(64) COLLATE utf8_bin NOT NULL,
  `REV_` int(11) DEFAULT NULL,
  `CATEGORY_` varchar(255) COLLATE utf8_bin DEFAULT NULL,
  `NAME_` varchar(255) COLLATE utf8_bin DEFAULT NULL,
  `KEY_` varchar(255) COLLATE utf8_bin NOT NULL,
  `VERSION_` int(11) NOT NULL,
  `DEPLOYMENT_ID_` varchar(64) COLLATE utf8_bin DEFAULT NULL,
  `RESOURCE_NAME_` varchar(4000) COLLATE utf8_bin DEFAULT NULL,
  `DGRM_RESOURCE_NAME_` varchar(4000) COLLATE utf8_bin DEFAULT NULL,
  `DESCRIPTION_` varchar(4000) COLLATE utf8_bin DEFAULT NULL,
  `HAS_START_FORM_KEY_` tinyint(4) DEFAULT NULL,
  `HAS_GRAPHICAL_NOTATION_` tinyint(4) DEFAULT NULL,
  `SUSPENSION_STATE_` int(11) DEFAULT NULL,
  `TENANT_ID_` varchar(255) COLLATE utf8_bin DEFAULT '',
  PRIMARY KEY (`ID_`),
  UNIQUE KEY `ACT_UNIQ_PROCDEF` (`KEY_`,`VERSION_`,`TENANT_ID_`)
) ENGINE=InnoDB DEFAULT CHARSET=utf8 COLLATE=utf8_bin;

-- ----------------------------
-- Records of act_re_procdef
-- ----------------------------
INSERT INTO `act_re_procdef` VALUES ('testprocess:1:92a175b9-905a-11e6-87e6-50af736bcfa7', '1', 'http://www.activiti.org/processdef', '', 'testprocess', '1', '923d5cb6-905a-11e6-87e6-50af736bcfa7', 'test.bpmn20.xml', 'test.testprocess.png', null, '0', '1', '1', '');

-- ----------------------------
-- Table structure for `act_ru_event_subscr`
-- ----------------------------
DROP TABLE IF EXISTS `act_ru_event_subscr`;
CREATE TABLE `act_ru_event_subscr` (
  `ID_` varchar(64) COLLATE utf8_bin NOT NULL,
  `REV_` int(11) DEFAULT NULL,
  `EVENT_TYPE_` varchar(255) COLLATE utf8_bin NOT NULL,
  `EVENT_NAME_` varchar(255) COLLATE utf8_bin DEFAULT NULL,
  `EXECUTION_ID_` varchar(64) COLLATE utf8_bin DEFAULT NULL,
  `PROC_INST_ID_` varchar(64) COLLATE utf8_bin DEFAULT NULL,
  `ACTIVITY_ID_` varchar(64) COLLATE utf8_bin DEFAULT NULL,
  `CONFIGURATION_` varchar(255) COLLATE utf8_bin DEFAULT NULL,
  `CREATED_` timestamp(3) NOT NULL DEFAULT CURRENT_TIMESTAMP(3),
  `PROC_DEF_ID_` varchar(64) COLLATE utf8_bin DEFAULT NULL,
  `TENANT_ID_` varchar(255) COLLATE utf8_bin DEFAULT '',
  PRIMARY KEY (`ID_`),
  KEY `ACT_IDX_EVENT_SUBSCR_CONFIG_` (`CONFIGURATION_`),
  KEY `ACT_FK_EVENT_EXEC` (`EXECUTION_ID_`),
  CONSTRAINT `ACT_FK_EVENT_EXEC` FOREIGN KEY (`EXECUTION_ID_`) REFERENCES `act_ru_execution` (`ID_`)
) ENGINE=InnoDB DEFAULT CHARSET=utf8 COLLATE=utf8_bin;

-- ----------------------------
-- Records of act_ru_event_subscr
-- ----------------------------

-- ----------------------------
-- Table structure for `act_ru_execution`
-- ----------------------------
DROP TABLE IF EXISTS `act_ru_execution`;
CREATE TABLE `act_ru_execution` (
  `ID_` varchar(64) COLLATE utf8_bin NOT NULL DEFAULT '',
  `REV_` int(11) DEFAULT NULL,
  `PROC_INST_ID_` varchar(64) COLLATE utf8_bin DEFAULT NULL,
  `BUSINESS_KEY_` varchar(255) COLLATE utf8_bin DEFAULT NULL,
  `PARENT_ID_` varchar(64) COLLATE utf8_bin DEFAULT NULL,
  `PROC_DEF_ID_` varchar(64) COLLATE utf8_bin DEFAULT NULL,
  `SUPER_EXEC_` varchar(64) COLLATE utf8_bin DEFAULT NULL,
  `ACT_ID_` varchar(255) COLLATE utf8_bin DEFAULT NULL,
  `IS_ACTIVE_` tinyint(4) DEFAULT NULL,
  `IS_CONCURRENT_` tinyint(4) DEFAULT NULL,
  `IS_SCOPE_` tinyint(4) DEFAULT NULL,
  `IS_EVENT_SCOPE_` tinyint(4) DEFAULT NULL,
  `SUSPENSION_STATE_` int(11) DEFAULT NULL,
  `CACHED_ENT_STATE_` int(11) DEFAULT NULL,
  `TENANT_ID_` varchar(255) COLLATE utf8_bin DEFAULT '',
  `NAME_` varchar(255) COLLATE utf8_bin DEFAULT NULL,
  `LOCK_TIME_` timestamp(3) NULL DEFAULT NULL,
  PRIMARY KEY (`ID_`),
  KEY `ACT_IDX_EXEC_BUSKEY` (`BUSINESS_KEY_`),
  KEY `ACT_FK_EXE_PROCINST` (`PROC_INST_ID_`),
  KEY `ACT_FK_EXE_PARENT` (`PARENT_ID_`),
  KEY `ACT_FK_EXE_SUPER` (`SUPER_EXEC_`),
  KEY `ACT_FK_EXE_PROCDEF` (`PROC_DEF_ID_`),
  CONSTRAINT `ACT_FK_EXE_PARENT` FOREIGN KEY (`PARENT_ID_`) REFERENCES `act_ru_execution` (`ID_`),
  CONSTRAINT `ACT_FK_EXE_PROCDEF` FOREIGN KEY (`PROC_DEF_ID_`) REFERENCES `act_re_procdef` (`ID_`),
  CONSTRAINT `ACT_FK_EXE_PROCINST` FOREIGN KEY (`PROC_INST_ID_`) REFERENCES `act_ru_execution` (`ID_`) ON DELETE CASCADE ON UPDATE CASCADE,
  CONSTRAINT `ACT_FK_EXE_SUPER` FOREIGN KEY (`SUPER_EXEC_`) REFERENCES `act_ru_execution` (`ID_`)
) ENGINE=InnoDB DEFAULT CHARSET=utf8 COLLATE=utf8_bin;

-- ----------------------------
-- Records of act_ru_execution
-- ----------------------------

-- ----------------------------
-- Table structure for `act_ru_identitylink`
-- ----------------------------
DROP TABLE IF EXISTS `act_ru_identitylink`;
CREATE TABLE `act_ru_identitylink` (
  `ID_` varchar(64) COLLATE utf8_bin NOT NULL DEFAULT '',
  `REV_` int(11) DEFAULT NULL,
  `GROUP_ID_` varchar(255) COLLATE utf8_bin DEFAULT NULL,
  `TYPE_` varchar(255) COLLATE utf8_bin DEFAULT NULL,
  `USER_ID_` varchar(255) COLLATE utf8_bin DEFAULT NULL,
  `TASK_ID_` varchar(64) COLLATE utf8_bin DEFAULT NULL,
  `PROC_INST_ID_` varchar(64) COLLATE utf8_bin DEFAULT NULL,
  `PROC_DEF_ID_` varchar(64) COLLATE utf8_bin DEFAULT NULL,
  PRIMARY KEY (`ID_`),
  KEY `ACT_IDX_IDENT_LNK_USER` (`USER_ID_`),
  KEY `ACT_IDX_IDENT_LNK_GROUP` (`GROUP_ID_`),
  KEY `ACT_IDX_ATHRZ_PROCEDEF` (`PROC_DEF_ID_`),
  KEY `ACT_FK_TSKASS_TASK` (`TASK_ID_`),
  KEY `ACT_FK_IDL_PROCINST` (`PROC_INST_ID_`),
  CONSTRAINT `ACT_FK_ATHRZ_PROCEDEF` FOREIGN KEY (`PROC_DEF_ID_`) REFERENCES `act_re_procdef` (`ID_`),
  CONSTRAINT `ACT_FK_IDL_PROCINST` FOREIGN KEY (`PROC_INST_ID_`) REFERENCES `act_ru_execution` (`ID_`),
  CONSTRAINT `ACT_FK_TSKASS_TASK` FOREIGN KEY (`TASK_ID_`) REFERENCES `act_ru_task` (`ID_`)
) ENGINE=InnoDB DEFAULT CHARSET=utf8 COLLATE=utf8_bin;

-- ----------------------------
-- Records of act_ru_identitylink
-- ----------------------------

-- ----------------------------
-- Table structure for `act_ru_job`
-- ----------------------------
DROP TABLE IF EXISTS `act_ru_job`;
CREATE TABLE `act_ru_job` (
  `ID_` varchar(64) COLLATE utf8_bin NOT NULL,
  `REV_` int(11) DEFAULT NULL,
  `TYPE_` varchar(255) COLLATE utf8_bin NOT NULL,
  `LOCK_EXP_TIME_` timestamp(3) NULL DEFAULT NULL,
  `LOCK_OWNER_` varchar(255) COLLATE utf8_bin DEFAULT NULL,
  `EXCLUSIVE_` tinyint(1) DEFAULT NULL,
  `EXECUTION_ID_` varchar(64) COLLATE utf8_bin DEFAULT NULL,
  `PROCESS_INSTANCE_ID_` varchar(64) COLLATE utf8_bin DEFAULT NULL,
  `PROC_DEF_ID_` varchar(64) COLLATE utf8_bin DEFAULT NULL,
  `RETRIES_` int(11) DEFAULT NULL,
  `EXCEPTION_STACK_ID_` varchar(64) COLLATE utf8_bin DEFAULT NULL,
  `EXCEPTION_MSG_` varchar(4000) COLLATE utf8_bin DEFAULT NULL,
  `DUEDATE_` timestamp(3) NULL DEFAULT NULL,
  `REPEAT_` varchar(255) COLLATE utf8_bin DEFAULT NULL,
  `HANDLER_TYPE_` varchar(255) COLLATE utf8_bin DEFAULT NULL,
  `HANDLER_CFG_` varchar(4000) COLLATE utf8_bin DEFAULT NULL,
  `TENANT_ID_` varchar(255) COLLATE utf8_bin DEFAULT '',
  PRIMARY KEY (`ID_`),
  KEY `ACT_FK_JOB_EXCEPTION` (`EXCEPTION_STACK_ID_`),
  CONSTRAINT `ACT_FK_JOB_EXCEPTION` FOREIGN KEY (`EXCEPTION_STACK_ID_`) REFERENCES `act_ge_bytearray` (`ID_`)
) ENGINE=InnoDB DEFAULT CHARSET=utf8 COLLATE=utf8_bin;

-- ----------------------------
-- Records of act_ru_job
-- ----------------------------

-- ----------------------------
-- Table structure for `act_ru_task`
-- ----------------------------
DROP TABLE IF EXISTS `act_ru_task`;
CREATE TABLE `act_ru_task` (
  `ID_` varchar(64) COLLATE utf8_bin NOT NULL DEFAULT '',
  `REV_` int(11) DEFAULT NULL,
  `EXECUTION_ID_` varchar(64) COLLATE utf8_bin DEFAULT NULL,
  `PROC_INST_ID_` varchar(64) COLLATE utf8_bin DEFAULT NULL,
  `PROC_DEF_ID_` varchar(64) COLLATE utf8_bin DEFAULT NULL,
  `NAME_` varchar(255) COLLATE utf8_bin DEFAULT NULL,
  `PARENT_TASK_ID_` varchar(64) COLLATE utf8_bin DEFAULT NULL,
  `DESCRIPTION_` varchar(4000) COLLATE utf8_bin DEFAULT NULL,
  `TASK_DEF_KEY_` varchar(255) COLLATE utf8_bin DEFAULT NULL,
  `OWNER_` varchar(255) COLLATE utf8_bin DEFAULT NULL,
  `ASSIGNEE_` varchar(255) COLLATE utf8_bin DEFAULT NULL,
  `DELEGATION_` varchar(64) COLLATE utf8_bin DEFAULT NULL,
  `PRIORITY_` int(11) DEFAULT NULL,
  `CREATE_TIME_` timestamp(3) NOT NULL DEFAULT CURRENT_TIMESTAMP(3) ON UPDATE CURRENT_TIMESTAMP(3),
  `DUE_DATE_` datetime(3) DEFAULT NULL,
  `CATEGORY_` varchar(255) COLLATE utf8_bin DEFAULT NULL,
  `SUSPENSION_STATE_` int(11) DEFAULT NULL,
  `TENANT_ID_` varchar(255) COLLATE utf8_bin DEFAULT '',
  `FORM_KEY_` varchar(255) COLLATE utf8_bin DEFAULT NULL,
  PRIMARY KEY (`ID_`),
  KEY `ACT_IDX_TASK_CREATE` (`CREATE_TIME_`),
  KEY `ACT_FK_TASK_EXE` (`EXECUTION_ID_`),
  KEY `ACT_FK_TASK_PROCINST` (`PROC_INST_ID_`),
  KEY `ACT_FK_TASK_PROCDEF` (`PROC_DEF_ID_`),
  CONSTRAINT `ACT_FK_TASK_EXE` FOREIGN KEY (`EXECUTION_ID_`) REFERENCES `act_ru_execution` (`ID_`),
  CONSTRAINT `ACT_FK_TASK_PROCDEF` FOREIGN KEY (`PROC_DEF_ID_`) REFERENCES `act_re_procdef` (`ID_`),
  CONSTRAINT `ACT_FK_TASK_PROCINST` FOREIGN KEY (`PROC_INST_ID_`) REFERENCES `act_ru_execution` (`ID_`)
) ENGINE=InnoDB DEFAULT CHARSET=utf8 COLLATE=utf8_bin;

-- ----------------------------
-- Records of act_ru_task
-- ----------------------------

-- ----------------------------
-- Table structure for `act_ru_variable`
-- ----------------------------
DROP TABLE IF EXISTS `act_ru_variable`;
CREATE TABLE `act_ru_variable` (
  `ID_` varchar(64) COLLATE utf8_bin NOT NULL,
  `REV_` int(11) DEFAULT NULL,
  `TYPE_` varchar(255) COLLATE utf8_bin NOT NULL,
  `NAME_` varchar(255) COLLATE utf8_bin NOT NULL,
  `EXECUTION_ID_` varchar(64) COLLATE utf8_bin DEFAULT NULL,
  `PROC_INST_ID_` varchar(64) COLLATE utf8_bin DEFAULT NULL,
  `TASK_ID_` varchar(64) COLLATE utf8_bin DEFAULT NULL,
  `BYTEARRAY_ID_` varchar(64) COLLATE utf8_bin DEFAULT NULL,
  `DOUBLE_` double DEFAULT NULL,
  `LONG_` bigint(20) DEFAULT NULL,
  `TEXT_` varchar(4000) COLLATE utf8_bin DEFAULT NULL,
  `TEXT2_` varchar(4000) COLLATE utf8_bin DEFAULT NULL,
  PRIMARY KEY (`ID_`),
  KEY `ACT_IDX_VARIABLE_TASK_ID` (`TASK_ID_`),
  KEY `ACT_FK_VAR_EXE` (`EXECUTION_ID_`),
  KEY `ACT_FK_VAR_PROCINST` (`PROC_INST_ID_`),
  KEY `ACT_FK_VAR_BYTEARRAY` (`BYTEARRAY_ID_`),
  CONSTRAINT `ACT_FK_VAR_BYTEARRAY` FOREIGN KEY (`BYTEARRAY_ID_`) REFERENCES `act_ge_bytearray` (`ID_`),
  CONSTRAINT `ACT_FK_VAR_EXE` FOREIGN KEY (`EXECUTION_ID_`) REFERENCES `act_ru_execution` (`ID_`),
  CONSTRAINT `ACT_FK_VAR_PROCINST` FOREIGN KEY (`PROC_INST_ID_`) REFERENCES `act_ru_execution` (`ID_`)
) ENGINE=InnoDB DEFAULT CHARSET=utf8 COLLATE=utf8_bin;

-- ----------------------------
-- Records of act_ru_variable
-- ----------------------------

-- ----------------------------
-- Table structure for `t_area`
-- ----------------------------
DROP TABLE IF EXISTS `t_area`;
CREATE TABLE `t_area` (
  `areaid` varchar(36) COLLATE utf8_bin NOT NULL COMMENT 'id',
  `code` varchar(12) COLLATE utf8_bin NOT NULL COMMENT '',
  `name` varchar(36) COLLATE utf8_bin NOT NULL COMMENT '',
  `parentcode` varchar(12) COLLATE utf8_bin NOT NULL COMMENT 'id',
  `areatype` varchar(2) COLLATE utf8_bin NOT NULL COMMENT '',
  `istop` int(1) NOT NULL,
  PRIMARY KEY (`areaid`),
  UNIQUE KEY `code` (`code`),
  UNIQUE KEY `name` (`name`)
) ENGINE=InnoDB DEFAULT CHARSET=utf8 COLLATE=utf8_bin COMMENT='';

-- ----------------------------
-- Records of t_area
-- ----------------------------
INSERT INTO `t_area` VALUES ('46903d85-7539-48b3-aae1-19759b90f78a', '130300', '', '130000', '2', '1');
INSERT INTO `t_area` VALUES ('c01558ab-b7ab-4cd0-afd8-3bd9a4b0f417', '130303', '', '130300', '3', '0');

-- ----------------------------
-- Table structure for `t_department`
-- ----------------------------
DROP TABLE IF EXISTS `t_department`;
CREATE TABLE `t_department` (
  `departmentid` varchar(36) COLLATE utf8_bin NOT NULL COMMENT 'id',
  `name` varchar(36) COLLATE utf8_bin NOT NULL COMMENT '',
  `areacode` varchar(12) COLLATE utf8_bin NOT NULL COMMENT '',
  `address` varchar(200) COLLATE utf8_bin NOT NULL COMMENT '',
  PRIMARY KEY (`departmentid`),
  UNIQUE KEY `name` (`name`,`areacode`)
) ENGINE=InnoDB DEFAULT CHARSET=utf8 COLLATE=utf8_bin COMMENT='';

-- ----------------------------
-- Records of t_department
-- ----------------------------
INSERT INTO `t_department` VALUES ('cbf5278d-561d-4d61-aba9-74508f0fd702', '', '130300', '');

-- ----------------------------
-- Table structure for `t_dictionary`
-- ----------------------------
DROP TABLE IF EXISTS `t_dictionary`;
CREATE TABLE `t_dictionary` (
  `tdictionaryid` int(16) NOT NULL AUTO_INCREMENT COMMENT 'id',
  `type` varchar(50) COLLATE utf8_bin NOT NULL COMMENT '',
  `code` varchar(50) COLLATE utf8_bin NOT NULL COMMENT '',
  `value` varchar(50) COLLATE utf8_bin NOT NULL COMMENT '',
  PRIMARY KEY (`tdictionaryid`),
  UNIQUE KEY `type` (`type`,`code`)
) ENGINE=InnoDB AUTO_INCREMENT=20 DEFAULT CHARSET=utf8 COLLATE=utf8_bin COMMENT='';

-- ----------------------------
-- Records of t_dictionary
-- ----------------------------
INSERT INTO `t_dictionary` VALUES ('1', 'ISLEAF', '0', '');
INSERT INTO `t_dictionary` VALUES ('2', 'ISLEAF', '1', '');
INSERT INTO `t_dictionary` VALUES ('3', 'ACTION', '1', '');
INSERT INTO `t_dictionary` VALUES ('4', 'ACTION', '2', '');
INSERT INTO `t_dictionary` VALUES ('5', 'USABLE', '1', '');
INSERT INTO `t_dictionary` VALUES ('6', 'USABLE', '2', '');
INSERT INTO `t_dictionary` VALUES ('7', 'AREATYPE', '1', '');
INSERT INTO `t_dictionary` VALUES ('8', 'AREATYPE', '2', '');
INSERT INTO `t_dictionary` VALUES ('9', 'AREATYPE', '3', '');
INSERT INTO `t_dictionary` VALUES ('11', 'AREATYPE', '4', '');
INSERT INTO `t_dictionary` VALUES ('12', 'AREATYPE', '5', '');
INSERT INTO `t_dictionary` VALUES ('13', 'ACTION', '0', '');
INSERT INTO `t_dictionary` VALUES ('14', 'ISTOP', '0', '');
INSERT INTO `t_dictionary` VALUES ('15', 'ISTOP', '1', '');
INSERT INTO `t_dictionary` VALUES ('16', 'SUSPENDED', '1', '');
INSERT INTO `t_dictionary` VALUES ('17', 'SUSPENDED', '2', '');
INSERT INTO `t_dictionary` VALUES ('18', 'AGREE', 'yes', '');
INSERT INTO `t_dictionary` VALUES ('19', 'AGREE', 'no', '');

-- ----------------------------
-- Table structure for `t_log`
-- ----------------------------
DROP TABLE IF EXISTS `t_log`;
CREATE TABLE `t_log` (
  `tlogid` int(16) NOT NULL AUTO_INCREMENT COMMENT 'id',
  `tlogmethod` varchar(50) COLLATE utf8_bin NOT NULL COMMENT '',
  `tlogname` varchar(50) COLLATE utf8_bin NOT NULL COMMENT '',
  `tloguser` varchar(50) COLLATE utf8_bin NOT NULL COMMENT '',
  `tlogip` varchar(50) COLLATE utf8_bin NOT NULL COMMENT 'ip',
  `tlogdate` datetime NOT NULL COMMENT '',
  `tlogtime` varchar(50) COLLATE utf8_bin NOT NULL,
  PRIMARY KEY (`tlogid`)
) ENGINE=InnoDB AUTO_INCREMENT=3283 DEFAULT CHARSET=utf8 COLLATE=utf8_bin COMMENT='';

-- ----------------------------
-- Records of t_log
-- ----------------------------
INSERT INTO `t_log` VALUES ('3237', 'logout', '', 'superman', '127.0.0.1', '2016-10-13 13:37:56', '1ms');
INSERT INTO `t_log` VALUES ('3238', 'login', '', 'superman', '127.0.0.1', '2016-10-13 13:37:57', '20ms');
INSERT INTO `t_log` VALUES ('3239', 'login', '', 'superman', '127.0.0.1', '2016-10-13 14:19:06', '11ms');
INSERT INTO `t_log` VALUES ('3240', 'login', '', 'superman', '127.0.0.1', '2016-10-13 14:25:18', '9ms');
INSERT INTO `t_log` VALUES ('3241', 'login', '', 'superman', '127.0.0.1', '2016-10-13 14:28:58', '6ms');
INSERT INTO `t_log` VALUES ('3242', 'login', '', 'superman', '127.0.0.1', '2016-10-13 14:29:27', '18ms');
INSERT INTO `t_log` VALUES ('3243', 'login', '', 'superman', '127.0.0.1', '2016-10-13 14:29:59', '16ms');
INSERT INTO `t_log` VALUES ('3244', 'login', '', 'superman', '127.0.0.1', '2016-10-13 14:30:41', '16ms');
INSERT INTO `t_log` VALUES ('3245', 'login', '', 'superman', '127.0.0.1', '2016-10-13 14:31:29', '5ms');
INSERT INTO `t_log` VALUES ('3246', 'login', '', 'superman', '127.0.0.1', '2016-10-13 14:42:42', '18ms');
INSERT INTO `t_log` VALUES ('3247', 'login', '', 'superman', '127.0.0.1', '2016-10-13 14:42:53', '7ms');
INSERT INTO `t_log` VALUES ('3248', 'login', '', 'superman', '127.0.0.1', '2016-10-13 14:44:15', '10ms');
INSERT INTO `t_log` VALUES ('3249', 'login', '', 'superman', '127.0.0.1', '2016-10-13 14:45:13', '10ms');
INSERT INTO `t_log` VALUES ('3250', 'login', '', 'superman', '127.0.0.1', '2016-10-14 17:17:15', '578ms');
INSERT INTO `t_log` VALUES ('3251', 'login', '', 'superman', '127.0.0.1', '2016-10-18 11:22:25', '1160ms');
INSERT INTO `t_log` VALUES ('3252', 'logout', '', 'superman', '127.0.0.1', '2016-10-18 11:22:51', '0ms');
INSERT INTO `t_log` VALUES ('3253', 'login', '', 'superman', '127.0.0.1', '2016-10-18 15:15:11', '368ms');
INSERT INTO `t_log` VALUES ('3254', 'login', '', 'superman', '127.0.0.1', '2016-10-18 15:15:51', '16ms');
INSERT INTO `t_log` VALUES ('3255', 'login', '', 'superman', '127.0.0.1', '2016-10-18 15:16:53', '14ms');
INSERT INTO `t_log` VALUES ('3256', 'login', '', 'superman', '127.0.0.1', '2016-10-18 15:22:26', '258ms');
INSERT INTO `t_log` VALUES ('3257', 'logout', '', 'superman', '127.0.0.1', '2016-10-18 15:23:31', '0ms');
INSERT INTO `t_log` VALUES ('3258', 'login', '', 'superman', '127.0.0.1', '2016-10-18 15:23:33', '27ms');
INSERT INTO `t_log` VALUES ('3259', 'updateModelName', '', 'superman', '127.0.0.1', '2016-10-18 15:23:42', '359ms');
INSERT INTO `t_log` VALUES ('3260', 'updateModelName', '', 'superman', '127.0.0.1', '2016-10-18 15:24:42', '76ms');
INSERT INTO `t_log` VALUES ('3261', 'login', '', 'superman', '127.0.0.1', '2016-10-18 15:26:25', '18ms');
INSERT INTO `t_log` VALUES ('3262', 'login', '', 'superman', '127.0.0.1', '2016-10-18 15:28:29', '18ms');
INSERT INTO `t_log` VALUES ('3263', 'logout', '', 'superman', '127.0.0.1', '2016-10-18 15:28:33', '1ms');
INSERT INTO `t_log` VALUES ('3264', 'login', '', 'superman', '127.0.0.1', '2016-10-18 15:28:34', '22ms');
INSERT INTO `t_log` VALUES ('3265', 'login', '', 'superman', '127.0.0.1', '2016-10-18 15:28:37', '21ms');
INSERT INTO `t_log` VALUES ('3266', 'login', '', 'superman', '127.0.0.1', '2016-10-18 15:29:30', '288ms');
INSERT INTO `t_log` VALUES ('3267', 'logout', '', 'superman', '127.0.0.1', '2016-10-18 15:32:19', '0ms');
INSERT INTO `t_log` VALUES ('3268', 'login', '', 'superman', '127.0.0.1', '2016-10-18 15:32:21', '7ms');
INSERT INTO `t_log` VALUES ('3269', 'logout', '', 'superman', '127.0.0.1', '2016-10-18 15:32:26', '1ms');
INSERT INTO `t_log` VALUES ('3270', 'login', '', 'superman', '127.0.0.1', '2016-10-18 15:34:23', '9ms');
INSERT INTO `t_log` VALUES ('3271', 'login', '', 'superman', '127.0.0.1', '2016-10-19 10:19:36', '484ms');
INSERT INTO `t_log` VALUES ('3272', 'update', '', 'superman', '127.0.0.1', '2016-10-19 10:20:48', '161ms');
INSERT INTO `t_log` VALUES ('3273', 'update', '', 'superman', '127.0.0.1', '2016-10-19 10:21:10', '218ms');
INSERT INTO `t_log` VALUES ('3274', 'update', '', 'superman', '127.0.0.1', '2016-10-19 10:21:29', '160ms');
INSERT INTO `t_log` VALUES ('3275', 'update', '', 'superman', '127.0.0.1', '2016-10-19 10:21:37', '157ms');
INSERT INTO `t_log` VALUES ('3276', 'update', '', 'superman', '127.0.0.1', '2016-10-19 10:21:49', '170ms');
INSERT INTO `t_log` VALUES ('3277', 'delete', '', 'superman', '127.0.0.1', '2016-10-19 10:22:07', '113ms');
INSERT INTO `t_log` VALUES ('3278', 'delete', '', 'superman', '127.0.0.1', '2016-10-19 10:22:14', '270ms');
INSERT INTO `t_log` VALUES ('3279', 'delete', '', 'superman', '127.0.0.1', '2016-10-19 10:22:18', '110ms');
INSERT INTO `t_log` VALUES ('3280', 'update', '', 'superman', '127.0.0.1', '2016-10-19 10:22:40', '169ms');
INSERT INTO `t_log` VALUES ('3281', 'update', '', 'superman', '127.0.0.1', '2016-10-19 10:22:49', '169ms');
INSERT INTO `t_log` VALUES ('3282', 'logout', '', 'superman', '127.0.0.1', '2016-10-19 10:23:20', '2ms');

-- ----------------------------
-- Table structure for `t_login`
-- ----------------------------
DROP TABLE IF EXISTS `t_login`;
CREATE TABLE `t_login` (
  `tloginid` varchar(36) COLLATE utf8_bin NOT NULL COMMENT 'id',
  `loginname` varchar(50) COLLATE utf8_bin NOT NULL COMMENT '',
  `password` varchar(50) COLLATE utf8_bin NOT NULL COMMENT '',
  `status` int(1) NOT NULL DEFAULT '1' COMMENT ' 1: 0:',
  `username` varchar(50) COLLATE utf8_bin NOT NULL COMMENT '',
  `phone` varchar(11) COLLATE utf8_bin DEFAULT NULL,
  `registrationuser` varchar(50) COLLATE utf8_bin NOT NULL COMMENT '',
  `registrationtime` datetime NOT NULL COMMENT '',
  `sector` varchar(36) COLLATE utf8_bin NOT NULL,
  PRIMARY KEY (`tloginid`),
  UNIQUE KEY `loginname` (`loginname`),
  KEY `FK_T_LOGIN` (`sector`),
  CONSTRAINT `FK_T_LOGIN_SECTOR` FOREIGN KEY (`sector`) REFERENCES `t_sector` (`tsectorid`)
) ENGINE=InnoDB DEFAULT CHARSET=utf8 COLLATE=utf8_bin COMMENT='';

-- ----------------------------
-- Records of t_login
-- ----------------------------
INSERT INTO `t_login` VALUES ('cbe0ed8c-0178-4c11-9e5b-1f21f9c2a485', 'admin', 'E10ADC3949BA59ABBE56E057F20F883E', '1', '', '', 'superman', '2016-10-12 15:11:43', '2');
INSERT INTO `t_login` VALUES ('d5a2823f-167d-4e2f-a782-7cf00baccca3', 'user', 'E10ADC3949BA59ABBE56E057F20F883E', '1', '', '', 'superman', '2016-10-12 15:12:24', '2');
INSERT INTO `t_login` VALUES ('e143b7c3-e8ab-464c-b7d6-4b80af0e65cc', 'superman', 'E10ADC3949BA59ABBE56E057F20F883E', '1', '', '18266544483', 'superman', '2016-02-03 10:58:24', '2');

-- ----------------------------
-- Table structure for `t_logintrole`
-- ----------------------------
DROP TABLE IF EXISTS `t_logintrole`;
CREATE TABLE `t_logintrole` (
  `tloginid` varchar(36) COLLATE utf8_bin NOT NULL COMMENT 'id',
  `troleid` varchar(36) COLLATE utf8_bin NOT NULL COMMENT 'id',
  `tlogintroleid` varchar(36) COLLATE utf8_bin NOT NULL COMMENT 'id',
  PRIMARY KEY (`tlogintroleid`),
  KEY `tloginid` (`tloginid`),
  KEY `troleid` (`troleid`),
  CONSTRAINT `t_logintrole_ibfk_1` FOREIGN KEY (`tloginid`) REFERENCES `t_login` (`tloginid`),
  CONSTRAINT `t_logintrole_ibfk_2` FOREIGN KEY (`troleid`) REFERENCES `t_role` (`troleid`)
) ENGINE=InnoDB DEFAULT CHARSET=utf8 COLLATE=utf8_bin COMMENT='';

-- ----------------------------
-- Records of t_logintrole
-- ----------------------------
INSERT INTO `t_logintrole` VALUES ('d5a2823f-167d-4e2f-a782-7cf00baccca3', '2a995440-1704-4168-86f9-4f8b38439585', '2fec84da-bf77-47bd-9aaf-087d33a3a297');
INSERT INTO `t_logintrole` VALUES ('cbe0ed8c-0178-4c11-9e5b-1f21f9c2a485', 'cef57598-5ce9-46d2-a40c-8e3c97f17999', 'af5ce154-606c-407d-983d-cc453354e306');
INSERT INTO `t_logintrole` VALUES ('e143b7c3-e8ab-464c-b7d6-4b80af0e65cc', '655e72c5-5c5b-49af-9d77-c44f2d5cf5d0', 'd554703d-84c8-4a3a-b531-76a572aeba54');

-- ----------------------------
-- Table structure for `t_parameter`
-- ----------------------------
DROP TABLE IF EXISTS `t_parameter`;
CREATE TABLE `t_parameter` (
  `tparameterid` varchar(36) COLLATE utf8_bin NOT NULL COMMENT 'id',
  `type` varchar(50) COLLATE utf8_bin NOT NULL COMMENT '',
  `value` varchar(50) COLLATE utf8_bin NOT NULL COMMENT '',
  `remarks` varchar(50) COLLATE utf8_bin NOT NULL COMMENT '',
  `area` varchar(50) COLLATE utf8_bin NOT NULL COMMENT '',
  PRIMARY KEY (`tparameterid`),
  UNIQUE KEY `type` (`type`)
) ENGINE=InnoDB DEFAULT CHARSET=utf8 COLLATE=utf8_bin COMMENT='';

-- ----------------------------
-- Records of t_parameter
-- ----------------------------
INSERT INTO `t_parameter` VALUES ('58b3365e-c167-4f74-ac3a-b3da2ec1dc6d', 'PASSWORK', '123456', '', '130300');

-- ----------------------------
-- Table structure for `t_permission`
-- ----------------------------
DROP TABLE IF EXISTS `t_permission`;
CREATE TABLE `t_permission` (
  `tpermissionid` varchar(36) COLLATE utf8_bin NOT NULL COMMENT 'id',
  `permissionname` varchar(30) COLLATE utf8_bin NOT NULL COMMENT '',
  `action` int(1) NOT NULL DEFAULT '1' COMMENT ',1:2:',
  `url` varchar(256) COLLATE utf8_bin NOT NULL COMMENT 'URL',
  `openicon` varchar(20) COLLATE utf8_bin DEFAULT NULL COMMENT '',
  `closeicon` varchar(20) COLLATE utf8_bin DEFAULT NULL COMMENT '',
  `parentid` varchar(36) COLLATE utf8_bin NOT NULL COMMENT 'ID',
  `orders` int(2) NOT NULL COMMENT '',
  PRIMARY KEY (`tpermissionid`),
  UNIQUE KEY `permissionname` (`permissionname`)
) ENGINE=InnoDB DEFAULT CHARSET=utf8 COLLATE=utf8_bin COMMENT='';

-- ----------------------------
-- Records of t_permission
-- ----------------------------
INSERT INTO `t_permission` VALUES ('00b2b107-aa42-4f38-ba7b-ef4170910c21', '', '2', 'userController/usersave.do', null, null, '3cc638a4-eaee-4c04-ba99-ec44a3a89aa0', '20');
INSERT INTO `t_permission` VALUES ('043817c4-d2e4-4156-b8ef-2561b14f275a', '', '1', 'pages/common/security/dictionary.jsp', null, null, '2eab2b1e-0543-42f7-9c73-95e5e5e57f74', '10');
INSERT INTO `t_permission` VALUES ('0b3cddee-49e5-4ec0-b2b6-56ceba3a79de', '', '0', 'pages/right.jsp', null, null, 'd3600285-b3a8-42dc-a99e-e97ff15fcf7c', '10');
INSERT INTO `t_permission` VALUES ('10809805-22f7-404e-a289-1e0ba39f7f88', '', '2', 'doneController/traceProcess.do', null, null, 'ab76127d-2972-4280-8508-be0d00fd12ad', '20');
INSERT INTO `t_permission` VALUES ('10841f3c-b814-40f1-bfda-6bdf4ec02d1f', '', '0', 'pages/right.jsp', null, null, '0b3cddee-49e5-4ec0-b2b6-56ceba3a79de', '30');
INSERT INTO `t_permission` VALUES ('113c5094-29bd-49dc-8d21-700187f7c5ba', '', '1', 'pages/common/security/role.jsp', null, null, 'b86b4e02-42dc-44d1-958d-d0e8ba97628b', '20');
INSERT INTO `t_permission` VALUES ('1500a4df-670e-4c75-b85a-5801c58bf227', '', '2', 'doneController/gridform.do', null, null, 'ab76127d-2972-4280-8508-be0d00fd12ad', '10');
INSERT INTO `t_permission` VALUES ('1617347e-d3e7-4121-b71e-367456464c56', '', '2', 'modelController/updateModel.do', null, null, 'e48ffdc5-33bb-48fd-b010-3cf5ed12d721', '30');
INSERT INTO `t_permission` VALUES ('1c9e9950-ca6c-40eb-b307-8f2cec8e9eb0', '', '2', 'dictionaryController/update.do', null, null, '043817c4-d2e4-4156-b8ef-2561b14f275a', '30');
INSERT INTO `t_permission` VALUES ('1db6906d-bc13-4521-9d8e-c1aca9ac500a', '', '2', 'logController/gridform.do', null, null, '7c2110eb-2500-45e2-a52b-003b9599467d', '10');
INSERT INTO `t_permission` VALUES ('2246dfc3-a339-4175-81ae-4f94afdfaac1', '', '2', 'roleController/update.do', null, null, '113c5094-29bd-49dc-8d21-700187f7c5ba', '20');
INSERT INTO `t_permission` VALUES ('2826e96b-68a3-45b5-a181-3cb24095ce10', '', '2', 'parameterController/delete.do', null, null, 'b89e6986-3262-464e-87d4-159b914480dd', '40');
INSERT INTO `t_permission` VALUES ('2a8dfaa8-aaa3-46ad-bf72-52e2450b487f', '', '2', 'roleController/save.do', null, null, '113c5094-29bd-49dc-8d21-700187f7c5ba', '10');
INSERT INTO `t_permission` VALUES ('2eab2b1e-0543-42f7-9c73-95e5e5e57f74', '', '0', 'pages/right.jsp', null, null, '0b3cddee-49e5-4ec0-b2b6-56ceba3a79de', '20');
INSERT INTO `t_permission` VALUES ('3171841b-e761-4445-819b-fbfbcf3d9acb', '', '2', 'dictionaryController/gridform1.do', null, null, '043817c4-d2e4-4156-b8ef-2561b14f275a', '10');
INSERT INTO `t_permission` VALUES ('32f4394a-24be-4c05-93c5-0f543049c724', '', '2', 'permissionController/getUserTree.do', null, null, '95d94903-731d-4738-a863-04b3bbb22cef', '50');
INSERT INTO `t_permission` VALUES ('34fc149b-f96a-4fd5-86eb-7a96322c4012', '', '2', 'roleController/delete.do', null, null, '113c5094-29bd-49dc-8d21-700187f7c5ba', '30');
INSERT INTO `t_permission` VALUES ('372a0226-4ef7-4e9a-ad45-bee39a2c1222', '', '0', 'pages/right.jsp', null, null, '0b3cddee-49e5-4ec0-b2b6-56ceba3a79de', '40');
INSERT INTO `t_permission` VALUES ('37498529-7e3b-4c2b-b37d-55776522ec45', '', '2', 'sectorController/gridform.do', null, null, 'af159364-2e4c-407d-be50-7e104397c41b', '10');
INSERT INTO `t_permission` VALUES ('37f6a45b-2d28-4f1e-94e6-882ca5755f96', '', '2', 'areaController/saveTopArea.do', null, null, '7826d86a-df3d-4480-8a79-6ae09c6d19e6', '60');
INSERT INTO `t_permission` VALUES ('3cc638a4-eaee-4c04-ba99-ec44a3a89aa0', '', '1', 'pages/common/security/user.jsp', null, null, 'b86b4e02-42dc-44d1-958d-d0e8ba97628b', '10');
INSERT INTO `t_permission` VALUES ('3fd687a7-f19b-4ae6-8240-434e0a23564e', '', '2', 'userController/userupdate.do', null, null, '3cc638a4-eaee-4c04-ba99-ec44a3a89aa0', '30');
INSERT INTO `t_permission` VALUES ('49e8cff1-fecc-4a29-812c-509abc59820b', '', '2', 'roleController/role_save.do', null, null, '113c5094-29bd-49dc-8d21-700187f7c5ba', '50');
INSERT INTO `t_permission` VALUES ('4c0facb5-8ab2-4b60-92e8-63065cd3d115', '', '2', 'modelController/deleteModel.do', null, null, 'e48ffdc5-33bb-48fd-b010-3cf5ed12d721', '20');
INSERT INTO `t_permission` VALUES ('4da61c11-ace3-4dd7-87f9-b05f0a0a3a93', '', '2', 'processController/deleteProcess.do', null, null, 'dce01281-2931-4ed9-9545-68e9a42d5cae', '20');
INSERT INTO `t_permission` VALUES ('51556c5b-0edd-41e8-a444-058bb029254a', '', '2', 'userController/userdelete.do', null, null, '3cc638a4-eaee-4c04-ba99-ec44a3a89aa0', '40');
INSERT INTO `t_permission` VALUES ('52c8a8c3-2250-4d6d-bfeb-7bfa36fe74a7', '', '2', 'doController/complete.do', null, null, 'fe3a1fef-5a70-4d99-8f87-af5681078bfa', '30');
INSERT INTO `t_permission` VALUES ('540de6df-d8c4-43d8-b64b-31f8995c15a5', '', '2', 'departmentController/gridform1.do', null, null, '673e866f-27f8-4d7c-b0c1-cd30a3e304d6', '10');
INSERT INTO `t_permission` VALUES ('58cc5237-e336-423e-96a8-3292233d87fa', '', '2', 'modelController/deployModel.do', null, null, 'e48ffdc5-33bb-48fd-b010-3cf5ed12d721', '40');
INSERT INTO `t_permission` VALUES ('596e7d5e-34e7-4ab3-972f-2a3ad07d8a6a', '', '2', 'modelController/createModel.do', null, null, 'e48ffdc5-33bb-48fd-b010-3cf5ed12d721', '10');
INSERT INTO `t_permission` VALUES ('5d6370e0-3961-4ef1-bbb9-b0e705504650', '', '2', 'parameterController/update.do', null, null, 'b89e6986-3262-464e-87d4-159b914480dd', '30');
INSERT INTO `t_permission` VALUES ('62aa16d3-01f4-4eaf-ad79-ec7232cce83d', '', '2', 'userController/initializePassword.do', null, null, '3cc638a4-eaee-4c04-ba99-ec44a3a89aa0', '50');
INSERT INTO `t_permission` VALUES ('64579920-b27e-4205-8d60-bf973de8274d', '', '2', 'areaController/add.do', null, null, '7826d86a-df3d-4480-8a79-6ae09c6d19e6', '20');
INSERT INTO `t_permission` VALUES ('66430fd4-b5da-44b5-bec9-13a803d96109', '', '2', 'processController/updateProcess.do', null, null, 'dce01281-2931-4ed9-9545-68e9a42d5cae', '10');
INSERT INTO `t_permission` VALUES ('673e866f-27f8-4d7c-b0c1-cd30a3e304d6', '', '1', 'pages/common/mandate/department.jsp', null, null, '10841f3c-b814-40f1-bfda-6bdf4ec02d1f', '20');
INSERT INTO `t_permission` VALUES ('67a99d11-694a-4899-9c42-fc910217c93f', '', '2', 'permissionController/getPermission.do', null, null, '95d94903-731d-4738-a863-04b3bbb22cef', '10');
INSERT INTO `t_permission` VALUES ('6cc955cd-f724-4432-9e59-1357780abd73', '', '2', 'parameterController/save.do', null, null, 'b89e6986-3262-464e-87d4-159b914480dd', '20');
INSERT INTO `t_permission` VALUES ('7826d86a-df3d-4480-8a79-6ae09c6d19e6', '', '1', 'pages/common/mandate/area.jsp', null, null, '10841f3c-b814-40f1-bfda-6bdf4ec02d1f', '10');
INSERT INTO `t_permission` VALUES ('7b5de241-6862-487b-b544-ed0df4c38027', '', '2', 'departmentController/update.do', null, null, '673e866f-27f8-4d7c-b0c1-cd30a3e304d6', '30');
INSERT INTO `t_permission` VALUES ('7c2110eb-2500-45e2-a52b-003b9599467d', '', '1', 'pages/common/security/log.jsp', null, null, 'b86b4e02-42dc-44d1-958d-d0e8ba97628b', '40');
INSERT INTO `t_permission` VALUES ('7d030c39-6c48-4ea4-918f-83ef01434ee5', '', '2', 'dictionaryController/delete.do', null, null, '043817c4-d2e4-4156-b8ef-2561b14f275a', '40');
INSERT INTO `t_permission` VALUES ('81969e67-511a-4919-8564-fbf3658ea3ae', '', '2', 'roleController/gridform1.do', null, null, '113c5094-29bd-49dc-8d21-700187f7c5ba', '40');
INSERT INTO `t_permission` VALUES ('867978d2-f05b-468e-b9b8-1ebfc5789c66', '', '2', 'sectorController/update.do', null, null, 'af159364-2e4c-407d-be50-7e104397c41b', '30');
INSERT INTO `t_permission` VALUES ('8cea7908-3c01-4e4f-9cba-635ed410acd4', '', '2', 'doController/gridform.do', null, null, 'fe3a1fef-5a70-4d99-8f87-af5681078bfa', '10');
INSERT INTO `t_permission` VALUES ('8d1fdec0-6efc-4fd9-8c39-8926fc2e7d6b', '', '1', 'pages/common/workspace/personal.jsp', null, null, 'b06ffcc5-15a5-412c-a58c-5e5e30763f05', '50');
INSERT INTO `t_permission` VALUES ('8e5d85f5-691c-4002-a803-e4a280e31b02', '', '2', 'departmentController/delete.do', null, null, '673e866f-27f8-4d7c-b0c1-cd30a3e304d6', '40');
INSERT INTO `t_permission` VALUES ('95d94903-731d-4738-a863-04b3bbb22cef', '', '1', 'pages/common/security/permission.jsp', null, null, 'b86b4e02-42dc-44d1-958d-d0e8ba97628b', '30');
INSERT INTO `t_permission` VALUES ('963a6e3d-32b3-4c8e-8bf1-4f144fca2a24', '', '2', 'dictionaryController/save.do', null, null, '043817c4-d2e4-4156-b8ef-2561b14f275a', '20');
INSERT INTO `t_permission` VALUES ('97770257-6ed5-4218-b677-19afef2d2481', '', '2', 'roleController/getUserTree.do', null, null, '113c5094-29bd-49dc-8d21-700187f7c5ba', '60');
INSERT INTO `t_permission` VALUES ('9876a71c-0950-40ed-ba7d-11ab79321e5a', '', '2', 'sectorController/delete.do', null, null, 'af159364-2e4c-407d-be50-7e104397c41b', '40');
INSERT INTO `t_permission` VALUES ('9e63ef0f-4f33-47f0-8568-cf90c3cbd85e', '', '1', 'pages/common/security/online.jsp', null, null, 'b86b4e02-42dc-44d1-958d-d0e8ba97628b', '50');
INSERT INTO `t_permission` VALUES ('9fdff54d-c8af-4979-ba5a-6d672c0c1dbc', '', '2', 'departmentController/add.do', null, null, '673e866f-27f8-4d7c-b0c1-cd30a3e304d6', '20');
INSERT INTO `t_permission` VALUES ('a343b067-0d40-41d6-a67e-2f4ed56736f2', '', '2', 'sectorController/save.do', null, null, 'af159364-2e4c-407d-be50-7e104397c41b', '20');
INSERT INTO `t_permission` VALUES ('a44eba04-25ad-4822-a099-130764384a5c', '', '2', 'userController/gridform1.do', null, null, '3cc638a4-eaee-4c04-ba99-ec44a3a89aa0', '10');
INSERT INTO `t_permission` VALUES ('aa48b8e8-fe75-400e-9f68-be12a55e4430', '', '2', 'doneController/gridformnode.do', null, null, 'ab76127d-2972-4280-8508-be0d00fd12ad', '30');
INSERT INTO `t_permission` VALUES ('aa689362-a9a2-4b34-8c21-92b9873403ba', '', '2', 'areaController/gridform1.do', null, null, '7826d86a-df3d-4480-8a79-6ae09c6d19e6', '10');
INSERT INTO `t_permission` VALUES ('ab76127d-2972-4280-8508-be0d00fd12ad', '', '1', 'pages/common/workspace/done.jsp', null, null, 'b06ffcc5-15a5-412c-a58c-5e5e30763f05', '30');
INSERT INTO `t_permission` VALUES ('af159364-2e4c-407d-be50-7e104397c41b', '', '1', 'pages/common/mandate/sector.jsp', null, null, '10841f3c-b814-40f1-bfda-6bdf4ec02d1f', '30');
INSERT INTO `t_permission` VALUES ('afb32875-dd3d-4b8f-a915-77d79a075628', '', '2', 'areaController/delete.do', null, null, '7826d86a-df3d-4480-8a79-6ae09c6d19e6', '40');
INSERT INTO `t_permission` VALUES ('b057ef17-8736-41d1-8a76-cbeabee459ae', '', '2', 'permissionController/deletePermission.do', null, null, '95d94903-731d-4738-a863-04b3bbb22cef', '40');
INSERT INTO `t_permission` VALUES ('b06ffcc5-15a5-412c-a58c-5e5e30763f05', '', '0', 'pages/right.jsp', null, null, 'd3600285-b3a8-42dc-a99e-e97ff15fcf7c', '1');
INSERT INTO `t_permission` VALUES ('b86b4e02-42dc-44d1-958d-d0e8ba97628b', '', '0', 'pages/right.jsp', null, null, '0b3cddee-49e5-4ec0-b2b6-56ceba3a79de', '10');
INSERT INTO `t_permission` VALUES ('b89e6986-3262-464e-87d4-159b914480dd', '', '1', 'pages/common/security/parameter.jsp', null, null, '2eab2b1e-0543-42f7-9c73-95e5e5e57f74', '20');
INSERT INTO `t_permission` VALUES ('c97a640a-295d-4753-adbc-c1cc07111644', '', '2', 'permissionController/updatePermission.do', null, null, '95d94903-731d-4738-a863-04b3bbb22cef', '30');
INSERT INTO `t_permission` VALUES ('ca52702b-8365-4c78-94f4-c95ca47408db', '', '2', 'areaController/update.do', null, null, '7826d86a-df3d-4480-8a79-6ae09c6d19e6', '30');
INSERT INTO `t_permission` VALUES ('cb7bc64d-e4d5-438b-a623-461b8164ba19', '', '2', 'areaController/updateTopArea.do', null, null, '7826d86a-df3d-4480-8a79-6ae09c6d19e6', '50');
INSERT INTO `t_permission` VALUES ('cf4631bb-5979-4e82-a7b2-a28360e5b2d6', '', '2', 'personalController/get.do', null, null, '8d1fdec0-6efc-4fd9-8c39-8926fc2e7d6b', '10');
INSERT INTO `t_permission` VALUES ('d3600285-b3a8-42dc-a99e-e97ff15fcf7c', '', '0', 'pages/right.jsp', null, null, '0', '1');
INSERT INTO `t_permission` VALUES ('d3ee6245-34ec-45e6-b507-0c536b1a7f90', '', '2', 'personalController/update.do', null, null, '8d1fdec0-6efc-4fd9-8c39-8926fc2e7d6b', '20');
INSERT INTO `t_permission` VALUES ('d6fee017-304e-4b56-93a9-6aff7f38e830', '', '2', 'parameterController/gridform1.do', null, null, 'b89e6986-3262-464e-87d4-159b914480dd', '10');
INSERT INTO `t_permission` VALUES ('dce01281-2931-4ed9-9545-68e9a42d5cae', '', '1', 'pages/common/workflow/process.jsp', null, null, '372a0226-4ef7-4e9a-ad45-bee39a2c1222', '20');
INSERT INTO `t_permission` VALUES ('e35ed14f-d155-46f6-9657-ed11a1a4482e', '', '2', 'onlineController/gridform.do', null, null, '9e63ef0f-4f33-47f0-8568-cf90c3cbd85e', '50');
INSERT INTO `t_permission` VALUES ('e48ffdc5-33bb-48fd-b010-3cf5ed12d721', '', '1', 'pages/common/workflow/model.jsp', null, null, '372a0226-4ef7-4e9a-ad45-bee39a2c1222', '10');
INSERT INTO `t_permission` VALUES ('fe3a1fef-5a70-4d99-8f87-af5681078bfa', '', '1', 'pages/common/workspace/do.jsp', null, null, 'b06ffcc5-15a5-412c-a58c-5e5e30763f05', '20');
INSERT INTO `t_permission` VALUES ('febf9878-d273-4d59-9c6e-5c96bdf8b27a', '', '2', 'permissionController/addPermission.do', null, null, '95d94903-731d-4738-a863-04b3bbb22cef', '20');

-- ----------------------------
-- Table structure for `t_role`
-- ----------------------------
DROP TABLE IF EXISTS `t_role`;
CREATE TABLE `t_role` (
  `troleid` varchar(36) COLLATE utf8_bin NOT NULL COMMENT 'id',
  `rolename` varchar(50) COLLATE utf8_bin NOT NULL COMMENT '',
  PRIMARY KEY (`troleid`),
  UNIQUE KEY `rolename` (`rolename`)
) ENGINE=InnoDB DEFAULT CHARSET=utf8 COLLATE=utf8_bin COMMENT='';

-- ----------------------------
-- Records of t_role
-- ----------------------------
INSERT INTO `t_role` VALUES ('2a995440-1704-4168-86f9-4f8b38439585', '');
INSERT INTO `t_role` VALUES ('cef57598-5ce9-46d2-a40c-8e3c97f17999', '');
INSERT INTO `t_role` VALUES ('655e72c5-5c5b-49af-9d77-c44f2d5cf5d0', '');

-- ----------------------------
-- Table structure for `t_roletpermission`
-- ----------------------------
DROP TABLE IF EXISTS `t_roletpermission`;
CREATE TABLE `t_roletpermission` (
  `troleid` varchar(36) COLLATE utf8_bin NOT NULL COMMENT 'id',
  `tpermissionid` varchar(36) COLLATE utf8_bin NOT NULL COMMENT 'id',
  `troletpermissionid` varchar(36) COLLATE utf8_bin NOT NULL COMMENT 'id',
  PRIMARY KEY (`troletpermissionid`),
  KEY `tpermissionid` (`tpermissionid`),
  KEY `troleid` (`troleid`),
  CONSTRAINT `t_roletpermission_ibfk_1` FOREIGN KEY (`tpermissionid`) REFERENCES `t_permission` (`tpermissionid`),
  CONSTRAINT `t_roletpermission_ibfk_2` FOREIGN KEY (`troleid`) REFERENCES `t_role` (`troleid`)
) ENGINE=InnoDB DEFAULT CHARSET=utf8 COLLATE=utf8_bin COMMENT='';

-- ----------------------------
-- Records of t_roletpermission
-- ----------------------------
INSERT INTO `t_roletpermission` VALUES ('655e72c5-5c5b-49af-9d77-c44f2d5cf5d0', '0b3cddee-49e5-4ec0-b2b6-56ceba3a79de', '023489dc-309f-4c77-bb98-ae87ebea9d1b');
INSERT INTO `t_roletpermission` VALUES ('655e72c5-5c5b-49af-9d77-c44f2d5cf5d0', '7d030c39-6c48-4ea4-918f-83ef01434ee5', '05632a15-54ed-422a-b2f1-c333ad9a8a24');
INSERT INTO `t_roletpermission` VALUES ('655e72c5-5c5b-49af-9d77-c44f2d5cf5d0', '1db6906d-bc13-4521-9d8e-c1aca9ac500a', '07391d52-72a8-426a-8c82-753aff523b94');
INSERT INTO `t_roletpermission` VALUES ('2a995440-1704-4168-86f9-4f8b38439585', 'aa48b8e8-fe75-400e-9f68-be12a55e4430', '0962e950-697b-4acb-8096-0af78a0b0dfb');
INSERT INTO `t_roletpermission` VALUES ('cef57598-5ce9-46d2-a40c-8e3c97f17999', '10841f3c-b814-40f1-bfda-6bdf4ec02d1f', '1087ecaa-0146-447c-aedd-2a821a6f44ec');
INSERT INTO `t_roletpermission` VALUES ('655e72c5-5c5b-49af-9d77-c44f2d5cf5d0', 'ca52702b-8365-4c78-94f4-c95ca47408db', '148dba59-6375-4819-8cbd-953a193023d6');
INSERT INTO `t_roletpermission` VALUES ('cef57598-5ce9-46d2-a40c-8e3c97f17999', '3cc638a4-eaee-4c04-ba99-ec44a3a89aa0', '15c0a190-278d-4b52-8148-618a11a1ddc8');
INSERT INTO `t_roletpermission` VALUES ('655e72c5-5c5b-49af-9d77-c44f2d5cf5d0', 'fe3a1fef-5a70-4d99-8f87-af5681078bfa', '16aa448d-88f5-4d28-9697-6d339f7071df');
INSERT INTO `t_roletpermission` VALUES ('cef57598-5ce9-46d2-a40c-8e3c97f17999', '673e866f-27f8-4d7c-b0c1-cd30a3e304d6', '185555e5-2460-4008-abd5-0974fd4755a9');
INSERT INTO `t_roletpermission` VALUES ('2a995440-1704-4168-86f9-4f8b38439585', 'ab76127d-2972-4280-8508-be0d00fd12ad', '191d01a9-6db3-45b1-b926-5ff85ab73fdf');
INSERT INTO `t_roletpermission` VALUES ('655e72c5-5c5b-49af-9d77-c44f2d5cf5d0', 'b057ef17-8736-41d1-8a76-cbeabee459ae', '19e54950-f71c-4a65-9641-8f7921514d95');
INSERT INTO `t_roletpermission` VALUES ('cef57598-5ce9-46d2-a40c-8e3c97f17999', '37498529-7e3b-4c2b-b37d-55776522ec45', '1d205ab3-c03f-4ab1-9221-d7a2d7118da9');
INSERT INTO `t_roletpermission` VALUES ('655e72c5-5c5b-49af-9d77-c44f2d5cf5d0', 'a343b067-0d40-41d6-a67e-2f4ed56736f2', '1d573c19-2099-45d6-87c1-402902f2fab1');
INSERT INTO `t_roletpermission` VALUES ('cef57598-5ce9-46d2-a40c-8e3c97f17999', 'b86b4e02-42dc-44d1-958d-d0e8ba97628b', '1d644476-2678-43cc-8e5e-7e724becbc6c');
INSERT INTO `t_roletpermission` VALUES ('cef57598-5ce9-46d2-a40c-8e3c97f17999', 'd3600285-b3a8-42dc-a99e-e97ff15fcf7c', '1ef85dbd-261e-42bf-a2ef-2be91444fe7b');
INSERT INTO `t_roletpermission` VALUES ('655e72c5-5c5b-49af-9d77-c44f2d5cf5d0', '3cc638a4-eaee-4c04-ba99-ec44a3a89aa0', '21fac184-2730-4e02-876c-519831526054');
INSERT INTO `t_roletpermission` VALUES ('655e72c5-5c5b-49af-9d77-c44f2d5cf5d0', '49e8cff1-fecc-4a29-812c-509abc59820b', '23b98b4e-0b01-4bbe-aaf4-d7fda6f4eada');
INSERT INTO `t_roletpermission` VALUES ('2a995440-1704-4168-86f9-4f8b38439585', '52c8a8c3-2250-4d6d-bfeb-7bfa36fe74a7', '27c2cd67-0865-4e17-9643-f96928a9f6b2');
INSERT INTO `t_roletpermission` VALUES ('cef57598-5ce9-46d2-a40c-8e3c97f17999', 'ca52702b-8365-4c78-94f4-c95ca47408db', '2b0c6d8f-5c02-4a71-ad3e-8a2bd5172e86');
INSERT INTO `t_roletpermission` VALUES ('655e72c5-5c5b-49af-9d77-c44f2d5cf5d0', '963a6e3d-32b3-4c8e-8bf1-4f144fca2a24', '2d473d2d-1bc4-47b9-8ee9-3a5e35300170');
INSERT INTO `t_roletpermission` VALUES ('655e72c5-5c5b-49af-9d77-c44f2d5cf5d0', '7c2110eb-2500-45e2-a52b-003b9599467d', '2de30c18-32f2-4ac0-b7d2-158cd1cf90ed');
INSERT INTO `t_roletpermission` VALUES ('655e72c5-5c5b-49af-9d77-c44f2d5cf5d0', '8e5d85f5-691c-4002-a803-e4a280e31b02', '2ed7cf51-640a-4c14-acfd-20fb49bd2128');
INSERT INTO `t_roletpermission` VALUES ('655e72c5-5c5b-49af-9d77-c44f2d5cf5d0', '596e7d5e-34e7-4ab3-972f-2a3ad07d8a6a', '2edf75aa-af57-4c1f-a62b-3d8cd97d779a');
INSERT INTO `t_roletpermission` VALUES ('655e72c5-5c5b-49af-9d77-c44f2d5cf5d0', '6cc955cd-f724-4432-9e59-1357780abd73', '310d9ab2-f045-4335-9533-06b7bbe206ca');
INSERT INTO `t_roletpermission` VALUES ('655e72c5-5c5b-49af-9d77-c44f2d5cf5d0', '2826e96b-68a3-45b5-a181-3cb24095ce10', '34e0bae1-1856-4d25-84dc-461615edd1f8');
INSERT INTO `t_roletpermission` VALUES ('cef57598-5ce9-46d2-a40c-8e3c97f17999', 'febf9878-d273-4d59-9c6e-5c96bdf8b27a', '364bc23a-b633-4400-8507-dffb9d032950');
INSERT INTO `t_roletpermission` VALUES ('cef57598-5ce9-46d2-a40c-8e3c97f17999', '34fc149b-f96a-4fd5-86eb-7a96322c4012', '38d37117-9326-40b5-826c-9d286246da9f');
INSERT INTO `t_roletpermission` VALUES ('655e72c5-5c5b-49af-9d77-c44f2d5cf5d0', '043817c4-d2e4-4156-b8ef-2561b14f275a', '3ed07b60-20e4-4b30-8d81-c9029b31f8b8');
INSERT INTO `t_roletpermission` VALUES ('cef57598-5ce9-46d2-a40c-8e3c97f17999', 'aa689362-a9a2-4b34-8c21-92b9873403ba', '3ee73677-9579-4048-a9b2-c5c79d8f7e74');
INSERT INTO `t_roletpermission` VALUES ('cef57598-5ce9-46d2-a40c-8e3c97f17999', 'c97a640a-295d-4753-adbc-c1cc07111644', '3f8309b3-f92a-4a44-a924-91a9ab8add4e');
INSERT INTO `t_roletpermission` VALUES ('655e72c5-5c5b-49af-9d77-c44f2d5cf5d0', 'afb32875-dd3d-4b8f-a915-77d79a075628', '413df644-f683-4357-b48f-f410eb347bf5');
INSERT INTO `t_roletpermission` VALUES ('655e72c5-5c5b-49af-9d77-c44f2d5cf5d0', '1c9e9950-ca6c-40eb-b307-8f2cec8e9eb0', '423538b6-edc2-44af-8100-4a275cf1c899');
INSERT INTO `t_roletpermission` VALUES ('cef57598-5ce9-46d2-a40c-8e3c97f17999', '95d94903-731d-4738-a863-04b3bbb22cef', '43ccb341-eaad-43f9-b0b5-feb2343647ce');
INSERT INTO `t_roletpermission` VALUES ('cef57598-5ce9-46d2-a40c-8e3c97f17999', '9fdff54d-c8af-4979-ba5a-6d672c0c1dbc', '46015a75-37f5-43ab-888c-f27294b0f307');
INSERT INTO `t_roletpermission` VALUES ('655e72c5-5c5b-49af-9d77-c44f2d5cf5d0', '37f6a45b-2d28-4f1e-94e6-882ca5755f96', '485018c8-235f-46e7-bf21-c6f17560bc5c');
INSERT INTO `t_roletpermission` VALUES ('655e72c5-5c5b-49af-9d77-c44f2d5cf5d0', 'febf9878-d273-4d59-9c6e-5c96bdf8b27a', '507f491d-5b2f-4d7b-831a-b977dce83f7b');
INSERT INTO `t_roletpermission` VALUES ('655e72c5-5c5b-49af-9d77-c44f2d5cf5d0', '32f4394a-24be-4c05-93c5-0f543049c724', '52926252-a3a7-4713-8e9c-f796f68d7ede');
INSERT INTO `t_roletpermission` VALUES ('cef57598-5ce9-46d2-a40c-8e3c97f17999', '3171841b-e761-4445-819b-fbfbcf3d9acb', '52a7ccda-2676-4cab-a7f0-d3c72580a1c8');
INSERT INTO `t_roletpermission` VALUES ('655e72c5-5c5b-49af-9d77-c44f2d5cf5d0', '64579920-b27e-4205-8d60-bf973de8274d', '534c69f8-2615-4de0-85ae-a9d4d2c92bb6');
INSERT INTO `t_roletpermission` VALUES ('655e72c5-5c5b-49af-9d77-c44f2d5cf5d0', 'e48ffdc5-33bb-48fd-b010-3cf5ed12d721', '5bba4705-408d-47f0-bce7-30eb918b442b');
INSERT INTO `t_roletpermission` VALUES ('655e72c5-5c5b-49af-9d77-c44f2d5cf5d0', 'd3ee6245-34ec-45e6-b507-0c536b1a7f90', '5c60329b-914b-42dc-aeea-3e9d4611f8c9');
INSERT INTO `t_roletpermission` VALUES ('655e72c5-5c5b-49af-9d77-c44f2d5cf5d0', '97770257-6ed5-4218-b677-19afef2d2481', '5c931aee-dfe2-4652-bf19-f8357f600c50');
INSERT INTO `t_roletpermission` VALUES ('655e72c5-5c5b-49af-9d77-c44f2d5cf5d0', '00b2b107-aa42-4f38-ba7b-ef4170910c21', '5d5938be-1439-474e-9cbc-aa1f1de15033');
INSERT INTO `t_roletpermission` VALUES ('cef57598-5ce9-46d2-a40c-8e3c97f17999', '1db6906d-bc13-4521-9d8e-c1aca9ac500a', '5dd8dd4f-49a8-46e3-aadd-ee94fd22b111');
INSERT INTO `t_roletpermission` VALUES ('cef57598-5ce9-46d2-a40c-8e3c97f17999', '963a6e3d-32b3-4c8e-8bf1-4f144fca2a24', '5e113a4e-6b4b-4c29-8965-2fb2ccea8ffb');
INSERT INTO `t_roletpermission` VALUES ('2a995440-1704-4168-86f9-4f8b38439585', '8cea7908-3c01-4e4f-9cba-635ed410acd4', '5f21e67f-9037-4191-a18f-4f56745e8c65');
INSERT INTO `t_roletpermission` VALUES ('655e72c5-5c5b-49af-9d77-c44f2d5cf5d0', '37498529-7e3b-4c2b-b37d-55776522ec45', '5f8309ba-f2c5-452c-ab80-0d7a3dd734bb');
INSERT INTO `t_roletpermission` VALUES ('2a995440-1704-4168-86f9-4f8b38439585', 'b06ffcc5-15a5-412c-a58c-5e5e30763f05', '614ee88b-c6d5-421e-9122-1399b40f11f2');
INSERT INTO `t_roletpermission` VALUES ('655e72c5-5c5b-49af-9d77-c44f2d5cf5d0', '8d1fdec0-6efc-4fd9-8c39-8926fc2e7d6b', '626dfd05-0d10-4092-b1e5-abd70d8306e8');
INSERT INTO `t_roletpermission` VALUES ('cef57598-5ce9-46d2-a40c-8e3c97f17999', '37f6a45b-2d28-4f1e-94e6-882ca5755f96', '644889f2-4b2c-4ff1-8900-5a5f2eb275ba');
INSERT INTO `t_roletpermission` VALUES ('cef57598-5ce9-46d2-a40c-8e3c97f17999', '67a99d11-694a-4899-9c42-fc910217c93f', '64beac9e-3bc7-4dbd-b460-47802dcb184a');
INSERT INTO `t_roletpermission` VALUES ('cef57598-5ce9-46d2-a40c-8e3c97f17999', '81969e67-511a-4919-8564-fbf3658ea3ae', '64c9869a-4ad1-499c-9d92-d33c530b08c0');
INSERT INTO `t_roletpermission` VALUES ('cef57598-5ce9-46d2-a40c-8e3c97f17999', '7b5de241-6862-487b-b544-ed0df4c38027', '64efdb22-c7b3-4626-8d97-368f9212ac75');
INSERT INTO `t_roletpermission` VALUES ('655e72c5-5c5b-49af-9d77-c44f2d5cf5d0', '7b5de241-6862-487b-b544-ed0df4c38027', '6585891f-a4ab-4b58-842f-b2194151dc6a');
INSERT INTO `t_roletpermission` VALUES ('655e72c5-5c5b-49af-9d77-c44f2d5cf5d0', '3171841b-e761-4445-819b-fbfbcf3d9acb', '68e6a0c1-a761-4c3d-aee9-989274c7a046');
INSERT INTO `t_roletpermission` VALUES ('655e72c5-5c5b-49af-9d77-c44f2d5cf5d0', '8cea7908-3c01-4e4f-9cba-635ed410acd4', '691818c0-87ea-43a1-858a-bf6995fb6d4c');
INSERT INTO `t_roletpermission` VALUES ('655e72c5-5c5b-49af-9d77-c44f2d5cf5d0', 'ab76127d-2972-4280-8508-be0d00fd12ad', '69a7a29f-b395-439f-ab28-8844fabd8da0');
INSERT INTO `t_roletpermission` VALUES ('cef57598-5ce9-46d2-a40c-8e3c97f17999', '6cc955cd-f724-4432-9e59-1357780abd73', '69d4ec93-a4b2-4464-b186-f77d10e53567');
INSERT INTO `t_roletpermission` VALUES ('655e72c5-5c5b-49af-9d77-c44f2d5cf5d0', '1617347e-d3e7-4121-b71e-367456464c56', '6ba32d32-7c62-42d0-bc38-47c5c03cad41');
INSERT INTO `t_roletpermission` VALUES ('cef57598-5ce9-46d2-a40c-8e3c97f17999', 'b89e6986-3262-464e-87d4-159b914480dd', '6beff22f-3e89-4ea1-8f9f-fd4f5d9293ad');
INSERT INTO `t_roletpermission` VALUES ('655e72c5-5c5b-49af-9d77-c44f2d5cf5d0', '9fdff54d-c8af-4979-ba5a-6d672c0c1dbc', '6bf0803d-c543-43b0-9fe1-356c555e55f5');
INSERT INTO `t_roletpermission` VALUES ('cef57598-5ce9-46d2-a40c-8e3c97f17999', '49e8cff1-fecc-4a29-812c-509abc59820b', '6e45d01a-4d77-475d-8b93-783f1dba8d19');
INSERT INTO `t_roletpermission` VALUES ('cef57598-5ce9-46d2-a40c-8e3c97f17999', '9e63ef0f-4f33-47f0-8568-cf90c3cbd85e', '6f5a5b5c-f771-42db-be3e-51f87af94693');
INSERT INTO `t_roletpermission` VALUES ('cef57598-5ce9-46d2-a40c-8e3c97f17999', '00b2b107-aa42-4f38-ba7b-ef4170910c21', '70407605-dbbc-4d76-b914-943d750a9643');
INSERT INTO `t_roletpermission` VALUES ('cef57598-5ce9-46d2-a40c-8e3c97f17999', '64579920-b27e-4205-8d60-bf973de8274d', '717f5f1b-3074-428e-9a46-9f9a7f624595');
INSERT INTO `t_roletpermission` VALUES ('655e72c5-5c5b-49af-9d77-c44f2d5cf5d0', '34fc149b-f96a-4fd5-86eb-7a96322c4012', '720d1a02-882c-4e44-98c3-6860f0206f5d');
INSERT INTO `t_roletpermission` VALUES ('cef57598-5ce9-46d2-a40c-8e3c97f17999', 'a343b067-0d40-41d6-a67e-2f4ed56736f2', '726aa5db-22ee-43e3-9655-52ab8c631cf6');
INSERT INTO `t_roletpermission` VALUES ('cef57598-5ce9-46d2-a40c-8e3c97f17999', '62aa16d3-01f4-4eaf-ad79-ec7232cce83d', '747d30fb-6fae-4faf-8d10-fe1798354485');
INSERT INTO `t_roletpermission` VALUES ('655e72c5-5c5b-49af-9d77-c44f2d5cf5d0', 'aa689362-a9a2-4b34-8c21-92b9873403ba', '74b5f3a6-8dde-435c-9097-1c14f81600d6');
INSERT INTO `t_roletpermission` VALUES ('655e72c5-5c5b-49af-9d77-c44f2d5cf5d0', '5d6370e0-3961-4ef1-bbb9-b0e705504650', '751ea9a6-37ac-4167-b029-d8cab0798511');
INSERT INTO `t_roletpermission` VALUES ('655e72c5-5c5b-49af-9d77-c44f2d5cf5d0', '81969e67-511a-4919-8564-fbf3658ea3ae', '76f3acf4-7096-4728-b5a1-56b681a312d6');
INSERT INTO `t_roletpermission` VALUES ('655e72c5-5c5b-49af-9d77-c44f2d5cf5d0', 'aa48b8e8-fe75-400e-9f68-be12a55e4430', '78303cd5-485d-4842-bb06-61d58e321988');
INSERT INTO `t_roletpermission` VALUES ('cef57598-5ce9-46d2-a40c-8e3c97f17999', 'cb7bc64d-e4d5-438b-a623-461b8164ba19', '7ad6a59d-bf0a-4ca1-bd30-225dcebf7d77');
INSERT INTO `t_roletpermission` VALUES ('655e72c5-5c5b-49af-9d77-c44f2d5cf5d0', 'cf4631bb-5979-4e82-a7b2-a28360e5b2d6', '7b6e4511-a41f-4daf-b53d-1c60be1a4418');
INSERT INTO `t_roletpermission` VALUES ('655e72c5-5c5b-49af-9d77-c44f2d5cf5d0', 'b89e6986-3262-464e-87d4-159b914480dd', '7d4a3464-583d-4337-a05e-2c68b64211c8');
INSERT INTO `t_roletpermission` VALUES ('cef57598-5ce9-46d2-a40c-8e3c97f17999', '32f4394a-24be-4c05-93c5-0f543049c724', '7e22b22b-64c8-4eb3-9b80-7b9d01773238');
INSERT INTO `t_roletpermission` VALUES ('655e72c5-5c5b-49af-9d77-c44f2d5cf5d0', 'b06ffcc5-15a5-412c-a58c-5e5e30763f05', '7e819605-1b5a-45a2-84be-fda15750b923');
INSERT INTO `t_roletpermission` VALUES ('cef57598-5ce9-46d2-a40c-8e3c97f17999', '5d6370e0-3961-4ef1-bbb9-b0e705504650', '7fccdca3-872b-4062-89f4-a1fabc6598c5');
INSERT INTO `t_roletpermission` VALUES ('655e72c5-5c5b-49af-9d77-c44f2d5cf5d0', '2a8dfaa8-aaa3-46ad-bf72-52e2450b487f', '80afeb0a-6309-4dad-a8cd-48e173bf4c75');
INSERT INTO `t_roletpermission` VALUES ('cef57598-5ce9-46d2-a40c-8e3c97f17999', '113c5094-29bd-49dc-8d21-700187f7c5ba', '810e7448-a8b8-4b4b-b650-946e8af80e35');
INSERT INTO `t_roletpermission` VALUES ('cef57598-5ce9-46d2-a40c-8e3c97f17999', 'd6fee017-304e-4b56-93a9-6aff7f38e830', '84322dac-eb29-4543-b450-aa94f772d674');
INSERT INTO `t_roletpermission` VALUES ('655e72c5-5c5b-49af-9d77-c44f2d5cf5d0', '95d94903-731d-4738-a863-04b3bbb22cef', '8463553a-07ca-4937-a90d-80da711e9c5e');
INSERT INTO `t_roletpermission` VALUES ('655e72c5-5c5b-49af-9d77-c44f2d5cf5d0', 'a44eba04-25ad-4822-a099-130764384a5c', '85387522-0806-4c09-b947-860e61de96cd');
INSERT INTO `t_roletpermission` VALUES ('cef57598-5ce9-46d2-a40c-8e3c97f17999', '9876a71c-0950-40ed-ba7d-11ab79321e5a', '89248851-59dc-47d4-a13f-7e2a70a6b545');
INSERT INTO `t_roletpermission` VALUES ('655e72c5-5c5b-49af-9d77-c44f2d5cf5d0', '58cc5237-e336-423e-96a8-3292233d87fa', '8acd5286-8ece-4a61-978c-966c381af0c5');
INSERT INTO `t_roletpermission` VALUES ('655e72c5-5c5b-49af-9d77-c44f2d5cf5d0', '3fd687a7-f19b-4ae6-8240-434e0a23564e', '8b25537a-f96a-47f0-9a54-7338b3ac1ea5');
INSERT INTO `t_roletpermission` VALUES ('cef57598-5ce9-46d2-a40c-8e3c97f17999', '2826e96b-68a3-45b5-a181-3cb24095ce10', '8ef5f81b-42bf-4429-bb20-73548f32d404');
INSERT INTO `t_roletpermission` VALUES ('cef57598-5ce9-46d2-a40c-8e3c97f17999', 'afb32875-dd3d-4b8f-a915-77d79a075628', '9580762a-910c-454b-a3b3-ac4a07849f94');
INSERT INTO `t_roletpermission` VALUES ('655e72c5-5c5b-49af-9d77-c44f2d5cf5d0', '66430fd4-b5da-44b5-bec9-13a803d96109', '958334f1-3b4d-4b48-84b6-1f3bc6621d9e');
INSERT INTO `t_roletpermission` VALUES ('2a995440-1704-4168-86f9-4f8b38439585', '10809805-22f7-404e-a289-1e0ba39f7f88', '9cd53332-84ba-4f64-bada-7e4f78472f46');
INSERT INTO `t_roletpermission` VALUES ('655e72c5-5c5b-49af-9d77-c44f2d5cf5d0', 'c97a640a-295d-4753-adbc-c1cc07111644', '9d362abb-7644-4901-90da-96e0554dfe4d');
INSERT INTO `t_roletpermission` VALUES ('cef57598-5ce9-46d2-a40c-8e3c97f17999', '7c2110eb-2500-45e2-a52b-003b9599467d', 'a2c6f5bb-dc66-4325-a3d8-8eb67581e971');
INSERT INTO `t_roletpermission` VALUES ('cef57598-5ce9-46d2-a40c-8e3c97f17999', '7d030c39-6c48-4ea4-918f-83ef01434ee5', 'a378a087-7142-42a5-b3f9-210078d40475');
INSERT INTO `t_roletpermission` VALUES ('cef57598-5ce9-46d2-a40c-8e3c97f17999', '540de6df-d8c4-43d8-b64b-31f8995c15a5', 'aa88b7b2-3d62-4123-b036-f38325932ef8');
INSERT INTO `t_roletpermission` VALUES ('655e72c5-5c5b-49af-9d77-c44f2d5cf5d0', '4c0facb5-8ab2-4b60-92e8-63065cd3d115', 'ad2bfce1-a151-4992-b0e3-e30a80a1197b');
INSERT INTO `t_roletpermission` VALUES ('655e72c5-5c5b-49af-9d77-c44f2d5cf5d0', '52c8a8c3-2250-4d6d-bfeb-7bfa36fe74a7', 'aff85496-a097-4bdc-99d6-296ff7d56fc9');
INSERT INTO `t_roletpermission` VALUES ('655e72c5-5c5b-49af-9d77-c44f2d5cf5d0', 'b86b4e02-42dc-44d1-958d-d0e8ba97628b', 'b118db81-1a23-481f-a602-997c1cdd86cd');
INSERT INTO `t_roletpermission` VALUES ('655e72c5-5c5b-49af-9d77-c44f2d5cf5d0', '113c5094-29bd-49dc-8d21-700187f7c5ba', 'b2f62b0f-f7e8-4076-84a2-2a6267ec0d83');
INSERT INTO `t_roletpermission` VALUES ('655e72c5-5c5b-49af-9d77-c44f2d5cf5d0', '9e63ef0f-4f33-47f0-8568-cf90c3cbd85e', 'b308a6ed-d427-4758-84a2-c4e2a02d96f6');
INSERT INTO `t_roletpermission` VALUES ('655e72c5-5c5b-49af-9d77-c44f2d5cf5d0', '7826d86a-df3d-4480-8a79-6ae09c6d19e6', 'b4c8c3bf-a26b-4d74-9300-4b572708ea3a');
INSERT INTO `t_roletpermission` VALUES ('2a995440-1704-4168-86f9-4f8b38439585', '8d1fdec0-6efc-4fd9-8c39-8926fc2e7d6b', 'b80af6d1-e7e1-4358-ad7e-72f8253ffc10');
INSERT INTO `t_roletpermission` VALUES ('655e72c5-5c5b-49af-9d77-c44f2d5cf5d0', 'dce01281-2931-4ed9-9545-68e9a42d5cae', 'ba1e7003-bfb7-4b23-a713-e368dd732892');
INSERT INTO `t_roletpermission` VALUES ('cef57598-5ce9-46d2-a40c-8e3c97f17999', '2eab2b1e-0543-42f7-9c73-95e5e5e57f74', 'bab271f9-b1ee-4a0f-8877-b2b724c73a1e');
INSERT INTO `t_roletpermission` VALUES ('cef57598-5ce9-46d2-a40c-8e3c97f17999', '51556c5b-0edd-41e8-a444-058bb029254a', 'bac03f3a-258e-4c9c-bc33-2a353fc877eb');
INSERT INTO `t_roletpermission` VALUES ('655e72c5-5c5b-49af-9d77-c44f2d5cf5d0', 'd3600285-b3a8-42dc-a99e-e97ff15fcf7c', 'bbb0293d-9383-4e08-a342-1c934be96feb');
INSERT INTO `t_roletpermission` VALUES ('655e72c5-5c5b-49af-9d77-c44f2d5cf5d0', 'cb7bc64d-e4d5-438b-a623-461b8164ba19', 'bd1c02a9-bc8d-47d9-8950-e764b7a32909');
INSERT INTO `t_roletpermission` VALUES ('655e72c5-5c5b-49af-9d77-c44f2d5cf5d0', '67a99d11-694a-4899-9c42-fc910217c93f', 'c0f4c623-e29b-4342-bd2d-df586536f32b');
INSERT INTO `t_roletpermission` VALUES ('cef57598-5ce9-46d2-a40c-8e3c97f17999', '3fd687a7-f19b-4ae6-8240-434e0a23564e', 'c5c9d22e-c7bd-4f6c-9f5b-8aeeb5e1be15');
INSERT INTO `t_roletpermission` VALUES ('2a995440-1704-4168-86f9-4f8b38439585', '1500a4df-670e-4c75-b85a-5801c58bf227', 'c69dee7c-155c-4695-915d-7af6b0966d26');
INSERT INTO `t_roletpermission` VALUES ('cef57598-5ce9-46d2-a40c-8e3c97f17999', 'e35ed14f-d155-46f6-9657-ed11a1a4482e', 'c6f22fcd-7a25-4811-abf0-33a21ee06df7');
INSERT INTO `t_roletpermission` VALUES ('655e72c5-5c5b-49af-9d77-c44f2d5cf5d0', '867978d2-f05b-468e-b9b8-1ebfc5789c66', 'c7378fe9-f1bf-4845-a7b4-9372e2e1503b');
INSERT INTO `t_roletpermission` VALUES ('cef57598-5ce9-46d2-a40c-8e3c97f17999', '8e5d85f5-691c-4002-a803-e4a280e31b02', 'c89eb532-8796-4a41-9411-355b55a2d96f');
INSERT INTO `t_roletpermission` VALUES ('655e72c5-5c5b-49af-9d77-c44f2d5cf5d0', '4da61c11-ace3-4dd7-87f9-b05f0a0a3a93', 'c9802d43-c93b-4719-9f22-3d7d3e9a4567');
INSERT INTO `t_roletpermission` VALUES ('655e72c5-5c5b-49af-9d77-c44f2d5cf5d0', '51556c5b-0edd-41e8-a444-058bb029254a', 'ce496d8b-68e0-4cec-8645-72c09d05470a');
INSERT INTO `t_roletpermission` VALUES ('655e72c5-5c5b-49af-9d77-c44f2d5cf5d0', '372a0226-4ef7-4e9a-ad45-bee39a2c1222', 'cf4658f0-5c2e-4515-8f70-de231131c404');
INSERT INTO `t_roletpermission` VALUES ('655e72c5-5c5b-49af-9d77-c44f2d5cf5d0', '10809805-22f7-404e-a289-1e0ba39f7f88', 'd4a898c7-37dc-499f-b800-6b8a0c5024b0');
INSERT INTO `t_roletpermission` VALUES ('cef57598-5ce9-46d2-a40c-8e3c97f17999', 'af159364-2e4c-407d-be50-7e104397c41b', 'd5318256-0a12-4dba-96ff-a4fdb1b23fa2');
INSERT INTO `t_roletpermission` VALUES ('cef57598-5ce9-46d2-a40c-8e3c97f17999', '1c9e9950-ca6c-40eb-b307-8f2cec8e9eb0', 'd748154a-faac-41dc-b0ce-5131e2600313');
INSERT INTO `t_roletpermission` VALUES ('655e72c5-5c5b-49af-9d77-c44f2d5cf5d0', '1500a4df-670e-4c75-b85a-5801c58bf227', 'dbadf02b-fcef-4396-9967-93213d42aafd');
INSERT INTO `t_roletpermission` VALUES ('655e72c5-5c5b-49af-9d77-c44f2d5cf5d0', '2246dfc3-a339-4175-81ae-4f94afdfaac1', 'ddea24f9-51ad-4aee-8584-ad6eefb78ccc');
INSERT INTO `t_roletpermission` VALUES ('655e72c5-5c5b-49af-9d77-c44f2d5cf5d0', '2eab2b1e-0543-42f7-9c73-95e5e5e57f74', 'e124276e-6480-47bf-a4f9-0a836c0a06b6');
INSERT INTO `t_roletpermission` VALUES ('655e72c5-5c5b-49af-9d77-c44f2d5cf5d0', '62aa16d3-01f4-4eaf-ad79-ec7232cce83d', 'e2731558-c217-4fae-bd17-b88a0a885e28');
INSERT INTO `t_roletpermission` VALUES ('cef57598-5ce9-46d2-a40c-8e3c97f17999', '0b3cddee-49e5-4ec0-b2b6-56ceba3a79de', 'e2811d2c-0da8-40f2-9cd6-76c32cf81fa1');
INSERT INTO `t_roletpermission` VALUES ('2a995440-1704-4168-86f9-4f8b38439585', 'cf4631bb-5979-4e82-a7b2-a28360e5b2d6', 'e4130abb-de56-4ced-b798-12ed0eb3cc75');
INSERT INTO `t_roletpermission` VALUES ('655e72c5-5c5b-49af-9d77-c44f2d5cf5d0', 'af159364-2e4c-407d-be50-7e104397c41b', 'e424ac9d-3190-41c6-a081-cc60785b5862');
INSERT INTO `t_roletpermission` VALUES ('cef57598-5ce9-46d2-a40c-8e3c97f17999', '97770257-6ed5-4218-b677-19afef2d2481', 'e7066314-eb66-4846-8aef-27b79267ce2e');
INSERT INTO `t_roletpermission` VALUES ('cef57598-5ce9-46d2-a40c-8e3c97f17999', '2246dfc3-a339-4175-81ae-4f94afdfaac1', 'e7605af2-29ba-4838-bbd9-8f44cbbe3667');
INSERT INTO `t_roletpermission` VALUES ('655e72c5-5c5b-49af-9d77-c44f2d5cf5d0', '673e866f-27f8-4d7c-b0c1-cd30a3e304d6', 'e98f2da7-455b-47e0-9e80-5814dc5480d4');
INSERT INTO `t_roletpermission` VALUES ('2a995440-1704-4168-86f9-4f8b38439585', 'd3ee6245-34ec-45e6-b507-0c536b1a7f90', 'edaa2d34-7f24-4448-b32a-8b97931cd7d8');
INSERT INTO `t_roletpermission` VALUES ('cef57598-5ce9-46d2-a40c-8e3c97f17999', '867978d2-f05b-468e-b9b8-1ebfc5789c66', 'f2cb9a7e-948d-4bc1-95b0-3efc15298374');
INSERT INTO `t_roletpermission` VALUES ('655e72c5-5c5b-49af-9d77-c44f2d5cf5d0', '9876a71c-0950-40ed-ba7d-11ab79321e5a', 'f635bc2c-96ba-4ea7-83ab-a8c6fada94ad');
INSERT INTO `t_roletpermission` VALUES ('2a995440-1704-4168-86f9-4f8b38439585', 'fe3a1fef-5a70-4d99-8f87-af5681078bfa', 'f6b94754-0760-4c8f-9001-b254cc11441d');
INSERT INTO `t_roletpermission` VALUES ('655e72c5-5c5b-49af-9d77-c44f2d5cf5d0', 'd6fee017-304e-4b56-93a9-6aff7f38e830', 'f7239ca7-1ce6-433f-bd37-c690b96ab1c3');
INSERT INTO `t_roletpermission` VALUES ('cef57598-5ce9-46d2-a40c-8e3c97f17999', '2a8dfaa8-aaa3-46ad-bf72-52e2450b487f', 'f74dafe5-7b9b-404a-aff1-ab0eb18fc101');
INSERT INTO `t_roletpermission` VALUES ('cef57598-5ce9-46d2-a40c-8e3c97f17999', '7826d86a-df3d-4480-8a79-6ae09c6d19e6', 'fada1057-6136-43ae-a8af-11bc24044796');
INSERT INTO `t_roletpermission` VALUES ('655e72c5-5c5b-49af-9d77-c44f2d5cf5d0', '540de6df-d8c4-43d8-b64b-31f8995c15a5', 'fb637987-cf17-4d52-8ebb-3a68c4ca7131');
INSERT INTO `t_roletpermission` VALUES ('655e72c5-5c5b-49af-9d77-c44f2d5cf5d0', 'e35ed14f-d155-46f6-9657-ed11a1a4482e', 'fbf78727-e0c8-4395-a4e5-535ecaf30e13');
INSERT INTO `t_roletpermission` VALUES ('cef57598-5ce9-46d2-a40c-8e3c97f17999', 'a44eba04-25ad-4822-a099-130764384a5c', 'fc191bf3-5d23-4444-a653-6dd7fae4f532');
INSERT INTO `t_roletpermission` VALUES ('cef57598-5ce9-46d2-a40c-8e3c97f17999', '043817c4-d2e4-4156-b8ef-2561b14f275a', 'fd0fc9d1-ed7b-40f3-904e-502cfad089a7');
INSERT INTO `t_roletpermission` VALUES ('cef57598-5ce9-46d2-a40c-8e3c97f17999', 'b057ef17-8736-41d1-8a76-cbeabee459ae', 'fe8abd49-116e-44c8-95e4-2bf16927323c');
INSERT INTO `t_roletpermission` VALUES ('655e72c5-5c5b-49af-9d77-c44f2d5cf5d0', '10841f3c-b814-40f1-bfda-6bdf4ec02d1f', 'ff77da3f-12ea-4081-8c2c-45334e31a9fe');
INSERT INTO `t_roletpermission` VALUES ('2a995440-1704-4168-86f9-4f8b38439585', 'd3600285-b3a8-42dc-a99e-e97ff15fcf7c', 'ffb51ce5-a2d9-41e7-bec2-7346f4aa1135');

-- ----------------------------
-- Table structure for `t_sector`
-- ----------------------------
DROP TABLE IF EXISTS `t_sector`;
CREATE TABLE `t_sector` (
  `tsectorid` varchar(36) COLLATE utf8_bin NOT NULL COMMENT 'id',
  `tsectorname` varchar(50) COLLATE utf8_bin NOT NULL COMMENT '',
  `tdepartmentid` varchar(36) COLLATE utf8_bin NOT NULL COMMENT '',
  `linkman` varchar(50) COLLATE utf8_bin DEFAULT NULL,
  `phone` varchar(11) COLLATE utf8_bin DEFAULT NULL,
  PRIMARY KEY (`tsectorid`),
  KEY `tdepartmentid` (`tdepartmentid`),
  CONSTRAINT `t_sector_ibfk_1` FOREIGN KEY (`tdepartmentid`) REFERENCES `t_department` (`departmentid`)
) ENGINE=InnoDB DEFAULT CHARSET=utf8 COLLATE=utf8_bin COMMENT='';

-- ----------------------------
-- Records of t_sector
-- ----------------------------
INSERT INTO `t_sector` VALUES ('2', '', 'cbf5278d-561d-4d61-aba9-74508f0fd702', '', '11111111111');

-- ----------------------------
-- Table structure for `t_sequence`
-- ----------------------------
DROP TABLE IF EXISTS `t_sequence`;
CREATE TABLE `t_sequence` (
  `name` varchar(50) NOT NULL,
  `current_value` int(16) NOT NULL,
  `increment` int(16) NOT NULL DEFAULT '1'
) ENGINE=MyISAM DEFAULT CHARSET=utf8 CHECKSUM=1 DELAY_KEY_WRITE=1 ROW_FORMAT=DYNAMIC COMMENT='s_[table_name]';

-- ----------------------------
-- Records of t_sequence
-- ----------------------------
INSERT INTO `t_sequence` VALUES ('s_eam_serialnumber', '28512', '1');

-- ----------------------------
-- View structure for `v_departmenttree`
-- ----------------------------
DROP VIEW IF EXISTS `v_departmenttree`;
CREATE ALGORITHM=UNDEFINED DEFINER=`root`@`%` SQL SECURITY DEFINER VIEW `v_departmenttree` AS select `t_area`.`code` AS `code`,`t_area`.`name` AS `name`,`t_area`.`parentcode` AS `parentcode` from `t_area` union all select `t_department`.`departmentid` AS `departmentid`,`t_department`.`name` AS `name`,`t_department`.`areacode` AS `areacode` from `t_department` ;

-- ----------------------------
-- View structure for `v_do`
-- ----------------------------
DROP VIEW IF EXISTS `v_do`;
CREATE ALGORITHM=UNDEFINED DEFINER=`root`@`%` SQL SECURITY DEFINER VIEW `v_do` AS select `a`.`ID_` AS `id_`,`a`.`EXECUTION_ID_` AS `execution_id_`,`a`.`PROC_INST_ID_` AS `proc_inst_id_`,`a`.`NAME_` AS `name_`,`a`.`CREATE_TIME_` AS `create_time_`,`a`.`ASSIGNEE_` AS `user_id_`,`a`.`TASK_DEF_KEY_` AS `task_def_key`,`a`.`PROC_DEF_ID_` AS `proc_def_id_` from (`act_ru_task` `a` left join `act_ru_variable` `c` on(((`c`.`NAME_` = 'operid') and (`c`.`EXECUTION_ID_` = `a`.`EXECUTION_ID_`)))) ;

-- ----------------------------
-- View structure for `v_done`
-- ----------------------------
DROP VIEW IF EXISTS `v_done`;
CREATE ALGORITHM=UNDEFINED DEFINER=`root`@`%` SQL SECURITY DEFINER VIEW `v_done` AS select `t`.`EXECUTION_ID_` AS `executionid`,`t`.`PROC_INST_ID_` AS `procinstid`,`t`.`ACT_NAME_` AS `actname`,`t`.`ASSIGNEE_` AS `assignee`,`t`.`END_TIME_` AS `endtime` from `act_hi_actinst` `t` where ((`t`.`ASSIGNEE_` is not null) and (`t`.`END_TIME_` is not null)) ;

-- ----------------------------
-- View structure for `v_node`
-- ----------------------------
DROP VIEW IF EXISTS `v_node`;
CREATE ALGORITHM=UNDEFINED DEFINER=`root`@`%` SQL SECURITY DEFINER VIEW `v_node` AS select `t`.`EXECUTION_ID_` AS `executionid`,`t`.`ACT_NAME_` AS `actname`,`t`.`ASSIGNEE_` AS `assignee`,`a`.`TEXT_` AS `agree`,`b`.`TEXT_` AS `opinion`,`t`.`START_TIME_` AS `starttime`,`t`.`END_TIME_` AS `endtime` from ((`act_hi_actinst` `t` left join `act_hi_varinst` `a` on(((`a`.`EXECUTION_ID_` = `t`.`EXECUTION_ID_`) and (`a`.`NAME_` = concat(`t`.`ACT_ID_`,'Result'))))) left join `act_hi_varinst` `b` on(((`b`.`EXECUTION_ID_` = `t`.`EXECUTION_ID_`) and (`b`.`NAME_` = concat(`t`.`ACT_ID_`,'Opinion'))))) where ((`t`.`ASSIGNEE_` is not null) or (`t`.`ACT_TYPE_` = 'endEvent')) ;

-- ----------------------------
-- View structure for `v_sectortree`
-- ----------------------------
DROP VIEW IF EXISTS `v_sectortree`;
CREATE ALGORITHM=UNDEFINED DEFINER=`root`@`%` SQL SECURITY DEFINER VIEW `v_sectortree` AS select `t_area`.`code` AS `code`,`t_area`.`name` AS `name`,`t_area`.`parentcode` AS `parentcode` from `t_area` union all select `t_department`.`departmentid` AS `departmentid`,`t_department`.`name` AS `name`,`t_department`.`areacode` AS `areacode` from `t_department` union all select `t_sector`.`tsectorid` AS `tsectorid`,`t_sector`.`tsectorname` AS `tsectorname`,`t_sector`.`tdepartmentid` AS `tdepartmentid` from `t_sector` ;

-- ----------------------------
-- View structure for `v_tdictionary`
-- ----------------------------
DROP VIEW IF EXISTS `v_tdictionary`;
CREATE ALGORITHM=UNDEFINED DEFINER=`root`@`localhost` SQL SECURITY DEFINER VIEW `v_tdictionary` AS select `t`.`type` AS `type`,`t`.`code` AS `code`,`t`.`value` AS `value` from `t_dictionary` `t` union all select 'TROLE' AS `TROLE`,`t`.`troleid` AS `troleid`,`t`.`rolename` AS `rolename` from `t_role` `t` union all select 'TAREA' AS `TROLE`,`t_area`.`code` AS `code`,`t_area`.`name` AS `name` from `t_area` union all select 'TDEPARTMENT' AS `TROLE`,`t_department`.`departmentid` AS `departmentid`,`t_department`.`name` AS `name` from `t_department` union all select 'SECTOR' AS `TROLE`,`t_sector`.`tsectorid` AS `tsectorid`,`t_sector`.`tsectorname` AS `tsectorname` from `t_sector` union all select 'USER' AS `USER`,`b`.`loginname` AS `loginname`,`b`.`username` AS `username` from `t_login` `b` ;

-- ----------------------------
-- Function structure for `currval`
-- ----------------------------
DROP FUNCTION IF EXISTS `currval`;
DELIMITER ;;
CREATE DEFINER=`root`@`%` FUNCTION `currval`(seq_name VARCHAR(50)) RETURNS int(11)
    READS SQL DATA
    DETERMINISTIC
BEGIN  
  
DECLARE VALUE INTEGER;  
  
SET VALUE = 0;  
  
SELECT current_value INTO VALUE FROM t_sequence WHERE NAME = seq_name;  
  
RETURN VALUE;  
  
END
;;
DELIMITER ;

-- ----------------------------
-- Function structure for `nextval`
-- ----------------------------
DROP FUNCTION IF EXISTS `nextval`;
DELIMITER ;;
CREATE DEFINER=`root`@`%` FUNCTION `nextval`(seq_name VARCHAR(50)) RETURNS int(11)
    DETERMINISTIC
BEGIN  
  
UPDATE t_sequence SET current_value = current_value + increment WHERE NAME = seq_name;  
  
RETURN currval(seq_name);  
  
END
;;
DELIMITER ;
